,_id,NAME,ID,PASSWORD,BIRTHDATE,PHONE_NUMBER,EMAIL_ADDRESS,ADDRESS,GENDER_ID,JOIN_DATE
0,6524effe4a2a878233cd7410,한지민,gpmden,s4p45nvf,19790720,010-3941-4638,ed6rfbf6@daum.net,서울시 강남구 195번길,여,2023-10-08
1,6524effe4a2a878233cd7411,김민수,kcdcswvti,d7tx669yxpc,19860126,010-7322-2382,q77@daum.net,서울시 서초구 068번길,여,2023-07-10
2,6524effe4a2a878233cd7412,최민지,kbvxzqc,leibzddjey,19821005,010-8509-8186,kcwuu6@gmail.com,서울시 마포구 418번길,여,2023-07-28
3,6524effe4a2a878233cd7413,박영희,cihbstx,ly6ghuhx,19980104,010-5988-3329,c4d@naver.com,서울시 마포구 143번길,여,2023-08-14
4,6524effe4a2a878233cd7414,정태영,ibthi,r1d6c8nn9,19820110,010-1309-7911,lgf@yahoo.co.kr,서울시 동작구 826번길,남,2023-07-12
5,6524effe4a2a878233cd7415,박지선,lputjqybgo,m6jjq4z3m3,19930322,010-9364-2186,okf@daum.net,서울시 동작구 773번길,남,2023-07-17
6,6524effe4a2a878233cd7416,이영수,viwnbfep,1i8whn68drk0,19751203,010-1639-2239,5bom2zjs@yahoo.co.kr,서울시 동작구 722번길,여,2023-07-08
7,6524effe4a2a878233cd7417,김하늘,oyvbo,yz5qxapqodis,19880126,010-9366-6754,fslw06bv@naver.com,서울시 동작구 515번길,남,2023-07-04
8,6524effe4a2a878233cd7418,최지은,kdtgcps,e39bmojl8em,20020606,010-6468-6226,owm@daum.net,서울시 서초구 545번길,남,2023-09-26
9,6524effe4a2a878233cd7419,이철수,wcqblbrzf,14czm13pjv,19880602,010-6669-0085,ahpznq@naver.com,서울시 서초구 978번길,남,2023-09-20
10,6524effe4a2a878233cd741a,한지민,sgzfaqftos,s50730vp,19710402,010-7353-7562,fov1ll2d@yahoo.co.kr,서울시 용산구 442번길,여,2023-08-18
11,6524effe4a2a878233cd741b,김민수,cevstn,v2koou7kcvi3,19970826,010-4668-8323,vk59cule@gmail.com,서울시 강남구 038번길,남,2023-10-09
12,6524effe4a2a878233cd741c,최민지,ubiau,uj0291nj8asg,19700107,010-7602-1308,38msy@daum.net,서울시 동작구 178번길,남,2023-09-17
13,6524effe4a2a878233cd741d,박영희,tnaej,qb71j91xj,19761121,010-8944-4290,1xc@naver.com,서울시 용산구 759번길,여,2023-08-17
14,6524effe4a2a878233cd741e,정태영,jnscfbfsf,ouxuazvc,19960519,010-9273-7276,8jbt8l@naver.com,서울시 마포구 524번길,여,2023-09-25
15,6524effe4a2a878233cd741f,박지선,wzmei,hjamtub4,19860528,010-8954-5949,3tuhi@daum.net,서울시 강남구 234번길,남,2023-07-14
16,6524effe4a2a878233cd7420,이영수,xznlmnqdis,z1g5wofg,19770524,010-7163-0394,mr1@daum.net,서울시 마포구 513번길,여,2023-10-10
17,6524effe4a2a878233cd7421,김하늘,bswylyah,pv5dk52x04t,20000407,010-3840-4077,omtw6b@gmail.com,서울시 마포구 436번길,여,2023-08-06
18,6524effe4a2a878233cd7422,최지은,lrzwlprxx,kxd6kih73nb,19960320,010-9747-6940,60tpjg@naver.com,서울시 동작구 034번길,남,2023-07-03
19,6524effe4a2a878233cd7423,이철수,kcepm,6c650b1r7l1,19970123,010-8383-8043,3s58mkkx@yahoo.co.kr,서울시 서초구 353번길,여,2023-10-02
20,6524effe4a2a878233cd7424,한지민,gtprvbt,xlo3nxn8p,19840619,010-3467-9216,7vhh@daum.net,서울시 동작구 087번길,남,2023-07-11
21,6524effe4a2a878233cd7425,김민수,nxobbom,94e0qtkmsat4,19760803,010-0423-8677,73cz5@yahoo.co.kr,서울시 동작구 294번길,남,2023-07-03
22,6524effe4a2a878233cd7426,최민지,vbbhxr,76kj03gm8x,19741219,010-3512-3099,ibk@yahoo.co.kr,서울시 서초구 862번길,남,2023-09-21
23,6524effe4a2a878233cd7427,박영희,gbwjs,mi47648gs,19700903,010-0957-7916,prl8okq@naver.com,서울시 용산구 485번길,남,2023-08-28
24,6524effe4a2a878233cd7428,정태영,thkmfbtv,69pamt3l,20021028,010-4776-4617,6nzusad@gmail.com,서울시 마포구 683번길,남,2023-10-01
25,6524effe4a2a878233cd7429,박지선,wgket,7rvp0f74g,19731017,010-4670-9461,mitzpuu@naver.com,서울시 마포구 198번길,여,2023-07-11
26,6524effe4a2a878233cd742a,이영수,odrkycj,1e57k5n8wzod,19791123,010-9988-8017,gr003@yahoo.co.kr,서울시 마포구 960번길,여,2023-08-20
27,6524effe4a2a878233cd742b,김하늘,dtvpeaka,4b6rgmd5jfuh,19900110,010-6757-3320,c6kpyxo7@naver.com,서울시 강남구 247번길,여,2023-07-09
28,6524effe4a2a878233cd742c,최지은,pzkhiymqo,kt2loxxm,19900309,010-7659-1621,d4z@daum.net,서울시 마포구 561번길,남,2023-10-10
29,6524effe4a2a878233cd742d,이철수,brchcafmdd,tkjoq476n02v,19951211,010-6637-4227,ptam@yahoo.co.kr,서울시 서초구 909번길,여,2023-07-02
30,6524effe4a2a878233cd742e,한지민,igseu,2maqvvvpwkq,19870517,010-3628-1114,hs5@naver.com,서울시 마포구 448번길,여,2023-08-02
31,6524effe4a2a878233cd742f,김민수,wbqdbrcb,e4dvblp1krdl,19840308,010-8334-8338,7zpb@naver.com,서울시 동작구 652번길,여,2023-07-26
32,6524effe4a2a878233cd7430,최민지,hllwzsnkf,ck51j9kt,20000615,010-8639-0541,umyynkv@naver.com,서울시 용산구 284번길,여,2023-08-13
33,6524effe4a2a878233cd7431,박영희,iyjixd,wmplm1x5m,19840209,010-2287-5008,381dp8yj@daum.net,서울시 마포구 526번길,남,2023-08-04
34,6524effe4a2a878233cd7432,정태영,askyys,6g2n4ktyh,19850210,010-3904-7619,eu26qgj@gmail.com,서울시 동작구 579번길,여,2023-07-27
35,6524effe4a2a878233cd7433,박지선,ipvwhctf,tkca9zmd9,19960504,010-6408-1028,2sn@yahoo.co.kr,서울시 강남구 396번길,남,2023-07-19
36,6524effe4a2a878233cd7434,이영수,qkvpk,jncq1bg14tv,19951003,010-1430-1859,p86@naver.com,서울시 마포구 186번길,여,2023-07-19
37,6524effe4a2a878233cd7435,김하늘,zjhwm,wwnp3sasufw,19770320,010-5385-7494,13t@naver.com,서울시 강남구 421번길,여,2023-07-25
38,6524effe4a2a878233cd7436,최지은,guisalnmdp,p7wqrx65l,19760618,010-3699-4566,9up@yahoo.co.kr,서울시 강남구 274번길,남,2023-08-12
39,6524effe4a2a878233cd7437,이철수,xjutwalg,bppog8aw2,19800726,010-9857-4420,85jl@daum.net,서울시 강남구 988번길,남,2023-10-07
40,6524effe4a2a878233cd7438,한지민,qcovhs,9hr3wvpuwa,19750313,010-2731-6443,kvl6v@daum.net,서울시 마포구 008번길,여,2023-07-12
41,6524effe4a2a878233cd7439,김민수,htdtdv,qfbpqzp1,19911104,010-9488-9090,bhhb@naver.com,서울시 마포구 928번길,여,2023-09-20
42,6524effe4a2a878233cd743a,최민지,kfegnz,k97hd284j,19880810,010-7026-2998,ng6iarbp@gmail.com,서울시 용산구 059번길,여,2023-08-22
43,6524effe4a2a878233cd743b,박영희,zbmqnna,j22qtwez,19890605,010-4285-8780,ujdm85@yahoo.co.kr,서울시 강남구 034번길,남,2023-10-06
44,6524effe4a2a878233cd743c,정태영,pkphaecnld,5fwwrfnm6,19720903,010-8824-0652,lx87fv3@naver.com,서울시 용산구 329번길,남,2023-08-01
45,6524effe4a2a878233cd743d,박지선,wsytur,li4bsce15,19990802,010-9613-5701,g9ai@yahoo.co.kr,서울시 마포구 446번길,여,2023-08-19
46,6524effe4a2a878233cd743e,이영수,tqcljalnnv,muyabc25,19880823,010-1563-7898,y6tdof@naver.com,서울시 동작구 878번길,남,2023-07-16
47,6524effe4a2a878233cd743f,김하늘,pkgoqg,m3xuoadbbrtf,19990215,010-6241-1241,pf5tn5zj@gmail.com,서울시 용산구 036번길,남,2023-09-12
48,6524effe4a2a878233cd7440,최지은,dutsdltshx,cvd8w4cs,19900219,010-4855-3614,0wsmjepf@naver.com,서울시 서초구 589번길,여,2023-08-16
49,6524effe4a2a878233cd7441,이철수,skmskx,5vnuupqet,19760601,010-1364-3522,mk0r@yahoo.co.kr,서울시 동작구 281번길,남,2023-10-08
50,6524effe4a2a878233cd7442,한지민,wsdzzu,ldttewpmxt,19830617,010-1472-9092,hgy@daum.net,서울시 마포구 729번길,여,2023-09-23
51,6524effe4a2a878233cd7443,김민수,xblauihkzk,jykzu7gmv0p,19841223,010-8642-0901,gs2pah@gmail.com,서울시 동작구 418번길,남,2023-10-06
52,6524effe4a2a878233cd7444,최민지,zeklpvas,usoz25c4,19770810,010-9645-1367,tee@yahoo.co.kr,서울시 강남구 168번길,여,2023-10-08
53,6524effe4a2a878233cd7445,박영희,kalpvlctf,2g5ccpznko6,19701223,010-0078-7932,c1qx9k@daum.net,서울시 서초구 707번길,여,2023-09-16
54,6524effe4a2a878233cd7446,정태영,qjhfgzrqs,nlx3i13d,19721201,010-3450-5245,1tn79a@gmail.com,서울시 동작구 218번길,남,2023-07-07
55,6524effe4a2a878233cd7447,박지선,kknnmcsqal,l4m3qy2y,19770619,010-3658-8983,g36@daum.net,서울시 강남구 736번길,남,2023-09-15
56,6524effe4a2a878233cd7448,이영수,fiuzv,zpd7mwy9qo,19810127,010-6396-8778,8cnhj@yahoo.co.kr,서울시 서초구 437번길,여,2023-10-02
57,6524effe4a2a878233cd7449,김하늘,oszkq,q8kcshpt,19790809,010-2893-0992,zlz@naver.com,서울시 서초구 689번길,여,2023-08-23
58,6524effe4a2a878233cd744a,최지은,unnhwx,emdjdvo6663t,19910714,010-9669-5365,ftbv2ty@gmail.com,서울시 마포구 463번길,남,2023-10-10
59,6524effe4a2a878233cd744b,이철수,lhjrn,5gifvnk0kjl,20020826,010-6669-8923,ouoi6x@naver.com,서울시 동작구 644번길,여,2023-09-14
60,6524effe4a2a878233cd744c,한지민,bwhazi,6knkhtetw,19711207,010-3536-6102,356@naver.com,서울시 용산구 609번길,남,2023-08-14
61,6524effe4a2a878233cd744d,김민수,fmfpvjp,g7qo957fqyv,20030419,010-5263-9911,qfn85tgx@daum.net,서울시 마포구 109번길,여,2023-08-24
62,6524effe4a2a878233cd744e,최민지,asydroycj,ctw1y535,20011112,010-1316-3514,9zernv3w@gmail.com,서울시 용산구 097번길,남,2023-08-22
63,6524effe4a2a878233cd744f,박영희,qqcckwrevh,75urpg66mvw,19750914,010-8117-1791,qzd9pw@naver.com,서울시 용산구 325번길,남,2023-09-21
64,6524effe4a2a878233cd7450,정태영,djeluwul,gej6i44xmdf,19860819,010-9373-2111,temyox3n@naver.com,서울시 강남구 948번길,남,2023-08-13
65,6524effe4a2a878233cd7451,박지선,icowiwzas,zqgb99czu7,20000317,010-0867-1199,lpw5@gmail.com,서울시 마포구 636번길,남,2023-08-04
66,6524effe4a2a878233cd7452,이영수,rgffmnfyd,km0vi729igus,19810418,010-8345-3614,wbtdlh@daum.net,서울시 동작구 629번길,여,2023-08-09
67,6524effe4a2a878233cd7453,김하늘,hskfbzfdjr,xi6w97ove5t3,19810917,010-2256-0279,ehfacy@daum.net,서울시 동작구 967번길,여,2023-10-03
68,6524effe4a2a878233cd7454,최지은,ubihmhm,3y0cpbkvk,19880817,010-3612-1711,s75gi4@yahoo.co.kr,서울시 동작구 417번길,여,2023-10-03
69,6524effe4a2a878233cd7455,이철수,tgugpj,0fwjryucp1u,19970113,010-5584-2338,eajncqc@yahoo.co.kr,서울시 강남구 485번길,여,2023-09-14
70,6524effe4a2a878233cd7456,한지민,bwxiad,yit8lc7k3w,19840114,010-3670-0695,1mhv0@gmail.com,서울시 강남구 812번길,여,2023-08-12
71,6524effe4a2a878233cd7457,김민수,tznptx,0owxvkz5d,19820524,010-1479-8600,apf6r@gmail.com,서울시 용산구 297번길,여,2023-08-01
72,6524effe4a2a878233cd7458,최민지,vrypfy,4qwcb108u2km,19770317,010-7345-4778,f0s@gmail.com,서울시 마포구 311번길,여,2023-08-18
73,6524effe4a2a878233cd7459,박영희,hkwyy,k171ctgcsw,19931203,010-1774-7704,yeauumm5@naver.com,서울시 서초구 675번길,여,2023-07-12
74,6524effe4a2a878233cd745a,정태영,ziuypmnl,jedjoxv9f,20030407,010-4652-0308,7dvuvo@yahoo.co.kr,서울시 마포구 238번길,여,2023-09-05
75,6524effe4a2a878233cd745b,박지선,mdpgqsgik,4et38q7fe96,20000722,010-9027-5380,2s7sqtyl@naver.com,서울시 서초구 694번길,남,2023-07-13
76,6524effe4a2a878233cd745c,이영수,permlb,ka2qtki4ogk,19730620,010-1731-4734,fj0hivrg@yahoo.co.kr,서울시 마포구 699번길,남,2023-08-19
77,6524effe4a2a878233cd745d,김하늘,qvmpetu,a189fub7,19950526,010-3667-6936,c974l@naver.com,서울시 강남구 445번길,여,2023-07-14
78,6524effe4a2a878233cd745e,최지은,etzayka,id72w8vxpwn,19940728,010-7683-0472,3bf97y@yahoo.co.kr,서울시 서초구 618번길,남,2023-10-03
79,6524effe4a2a878233cd745f,이철수,qxirvhfjzv,hvti35fryy,19961009,010-2571-4496,9cts9@daum.net,서울시 용산구 473번길,남,2023-09-01
80,6524effe4a2a878233cd7460,한지민,gvbkwzind,5j71eey8,19980212,010-4041-6176,dwu@naver.com,서울시 강남구 279번길,남,2023-09-22
81,6524effe4a2a878233cd7461,김민수,zyvyd,sqsl49tc2,19720207,010-7692-0846,1gp@naver.com,서울시 서초구 075번길,남,2023-08-12
82,6524effe4a2a878233cd7462,최민지,zhtryx,w1iokoruu,19851017,010-3089-5250,5ox9@naver.com,서울시 용산구 214번길,여,2023-10-07
83,6524effe4a2a878233cd7463,박영희,okxkmuxzla,lojxamlto1m,19850409,010-3520-8640,xq5g@yahoo.co.kr,서울시 강남구 333번길,여,2023-09-21
84,6524effe4a2a878233cd7464,정태영,wwflbcrolp,9q1f3npvw97,19991001,010-4894-9419,cltd63@daum.net,서울시 용산구 354번길,여,2023-07-22
85,6524effe4a2a878233cd7465,박지선,zkxivzhsfj,dpeyb3u5e,19710205,010-0240-1604,ho9749@yahoo.co.kr,서울시 마포구 386번길,여,2023-07-21
86,6524effe4a2a878233cd7466,이영수,apbquuvzjw,kz5468dp,19710614,010-0312-0353,af1h@naver.com,서울시 마포구 198번길,여,2023-10-09
87,6524effe4a2a878233cd7467,김하늘,tsikq,le5aenex,19750814,010-7236-4685,rpnh0@naver.com,서울시 서초구 375번길,남,2023-10-09
88,6524effe4a2a878233cd7468,최지은,cwzdeznxi,c0i05at0,19770906,010-8629-2852,f7nbq5g9@naver.com,서울시 서초구 504번길,여,2023-10-04
89,6524effe4a2a878233cd7469,이철수,kxjje,crw2qwag,19950212,010-7565-5560,xw7e2r@daum.net,서울시 마포구 088번길,여,2023-09-12
90,6524effe4a2a878233cd746a,한지민,gafubcdz,r5sebubon,20010220,010-0289-5167,dswkoliv@yahoo.co.kr,서울시 마포구 288번길,여,2023-07-03
91,6524effe4a2a878233cd746b,김민수,gonlf,50xkyub5747o,19910417,010-6165-2534,lbnq@naver.com,서울시 용산구 715번길,여,2023-10-03
92,6524effe4a2a878233cd746c,최민지,ailmgsbzh,3m608nw5,19710712,010-0223-3905,p5co@gmail.com,서울시 용산구 485번길,여,2023-09-14
93,6524effe4a2a878233cd746d,박영희,sumyanwhcz,gmd1ea9sjo,19810225,010-2665-8000,a60wl557@gmail.com,서울시 동작구 319번길,남,2023-07-06
94,6524effe4a2a878233cd746e,정태영,tmbarsxw,ohsg8bmt,19810309,010-0154-0781,1r14to0@naver.com,서울시 마포구 211번길,남,2023-07-14
95,6524effe4a2a878233cd746f,박지선,gqicwghdd,3ywevmbzqdy,19770811,010-4306-2114,klfp@yahoo.co.kr,서울시 서초구 457번길,여,2023-09-21
96,6524effe4a2a878233cd7470,이영수,fqwdwoz,h2g8b1msr9c,19721019,010-3187-7014,njbb@naver.com,서울시 마포구 400번길,여,2023-07-22
97,6524effe4a2a878233cd7471,김하늘,vuircnt,iotd8qnjo,19770919,010-0564-6528,3z7n6@yahoo.co.kr,서울시 마포구 168번길,남,2023-09-10
98,6524effe4a2a878233cd7472,최지은,vxpcf,iyfgtd746q,20000805,010-7834-5392,39km6@daum.net,서울시 강남구 850번길,남,2023-09-16
99,6524effe4a2a878233cd7473,이철수,mwbgr,lxi01krrg0p,19730120,010-9337-2106,dwar6@naver.com,서울시 강남구 270번길,남,2023-08-06
100,6524f0084a2a878233cd7474,백현정,Iv4ZINc7Sb,w+(o2PEeM#,1994-07-01 00:00:00,010-6205-6216,yeonggilcoe@example.net,서울특별시 양천구 목동동로 1900번길,여,2023-07-27
101,6524f0084a2a878233cd7475,성중수,F3O68nF9xa,&&u9xKsvUU,1958-05-24 00:00:00,02-1797-9003,miyeongi@example.com,서울특별시 강동구 천호대로 200번길,남,2023-07-13
102,6524f0084a2a878233cd7476,김지훈,7m5d19sIL5,*^!j3HXwLZ,1941-12-17 00:00:00,02-3350-2547,hyejin35@example.net,서울특별시 관악구 관악로 500번길,여,2023-08-10
103,6524f0084a2a878233cd7477,이영식,Y1DbTobuz4,0nouTyMZ$4,1938-07-18 00:00:00,016-7639-8751,yeongsungim@example.com,서울특별시 강북구 덕릉로 300번길,남,2023-09-13
104,6524f0084a2a878233cd7478,김하윤,w0zO9YQ1iO,1Mi63VOcM_,1969-07-27 00:00:00,017-2215-7584,minjun91@example.net,서울특별시 동작구 동작대로 1200번길,여,2023-09-29
105,6524f0084a2a878233cd7479,김현주,aUs5FQu8X5,kf4$CgdgT*,1998-03-01 00:00:00,016-5485-1103,donghyeonhong@example.com,서울특별시 동대문구 천호대로 1100번길,여,2023-09-10
106,6524f0084a2a878233cd747a,강정웅,wcuiXDh8z3,!v2U0yPk37,1958-04-09 00:00:00,010-2484-1606,vgim@example.net,서울특별시 서대문구 이화여대길 1400번길,여,2023-10-03
107,6524f0084a2a878233cd747b,이서윤,bVDcrzv7eU,_T73JApol*,1982-06-30 00:00:00,017-5176-7315,gimsiu@example.org,서울특별시 중구 중구로 2400번길,여,2023-08-19
108,6524f0084a2a878233cd747c,최민재,mdZUsss5G2,@at)8bZZ@+,1993-02-27 00:00:00,017-1592-9315,seongmin55@example.net,서울특별시 관악구 관악로 500번길,남,2023-09-28
109,6524f0084a2a878233cd747d,김도현,PmVibBOrdd,+3%4D_SdAk,1939-04-16 00:00:00,010-7554-1092,yunjimin@example.com,서울특별시 마포구 마포대로 1300번길,여,2023-08-11
110,6524f0084a2a878233cd747e,이성현,wSsB5gUXzw,Oa@8XkLdRk,1940-11-12 00:00:00,016-6825-2911,sanghyeonyun@example.net,서울특별시 종로구 종로 2300번길,남,2023-08-15
111,6524f0084a2a878233cd747f,최진호,qaBAJutawN,#lL^4AIw0s,2001-03-02 00:00:00,010-8953-4919,byeongceoli@example.org,서울특별시 강서구 양천로 400번길,남,2023-07-26
112,6524f0084a2a878233cd7480,강영자,xsORdqzTqP,DBDrp5ov%#,1962-05-03 00:00:00,02-3524-8554,minjica@example.net,서울특별시 강서구 양천로 400번길,여,2023-09-19
113,6524f0084a2a878233cd7481,김명자,DBHYPtXiMP,(3H!nmyB1x,1950-05-13 00:00:00,016-1631-4430,hyeonjeongjang@example.com,서울특별시 노원구 노원로 900번길,남,2023-09-28
114,6524f0084a2a878233cd7482,김종수,EjPKBKhtG1,^@9fCFkCQ4,1959-05-07 00:00:00,016-8802-5476,jiweon11@example.org,서울특별시 성북구 성북로 1700번길,여,2023-08-30
115,6524f0084a2a878233cd7483,이경자,TTr0F7GcY3,C1Vq7+38+o,1955-06-06 00:00:00,016-1211-9068,dohyeon77@example.org,서울특별시 은평구 은평로 2200번길,남,2023-10-09
116,6524f0084a2a878233cd7484,박민준,kvEQaxt3Kb,5JJVeLfP(6,1991-02-20 00:00:00,017-9901-9047,areum16@example.com,서울특별시 강북구 덕릉로 300번길,남,2023-08-05
117,6524f0084a2a878233cd7485,이준서,HG1u2Dxwti,$MGJR3n#Q9,1943-06-03 00:00:00,02-1356-8037,boramgim@example.org,서울특별시 강남구 강남대로 100번길,남,2023-07-04
118,6524f0084a2a878233cd7486,오지은,2cuU6K2NF1,)x4QMUj%A&,1963-04-02 00:00:00,02-4726-5047,pgang@example.net,서울특별시 동대문구 천호대로 1100번길,여,2023-10-06
119,6524f0084a2a878233cd7487,박지후,9tHySlCXgb,!2niE&l*Ax,1939-01-15 00:00:00,010-9485-6691,gimsiu@example.org,서울특별시 동작구 동작대로 1200번길,남,2023-07-14
120,6524f0084a2a878233cd7488,김예지,b1wh76OMuS,oAPHP0Yq(2,1940-06-04 00:00:00,017-9085-3001,esong@example.com,서울특별시 관악구 관악로 500번길,여,2023-08-18
121,6524f0084a2a878233cd7489,최민지,gv3jcP2IDU,0L5OYtxr@%,1998-03-14 00:00:00,010-2979-3546,haeun62@example.net,서울특별시 강북구 덕릉로 300번길,여,2023-09-25
122,6524f0084a2a878233cd748a,김병철,2FOLmitHur,c9OA%Ii1@s,1934-05-21 00:00:00,010-1794-9906,yeonghyio@example.com,서울특별시 금천구 시흥대로 800번길,남,2023-09-28
123,6524f0084a2a878233cd748b,김순옥,fw4plOxhYx,*BD7*RQs^3,2005-10-08 00:00:00,016-1541-4756,yejingim@example.com,서울특별시 금천구 시흥대로 800번길,여,2023-09-07
124,6524f0084a2a878233cd748c,이서영,txL6RpC5uj,j1!AuzR$+J,2004-05-17 00:00:00,010-6674-5205,yunseo37@example.org,서울특별시 강남구 강남대로 100번길,여,2023-07-26
125,6524f0084a2a878233cd748d,김민준,pv7xHAEtVg,^z_993UDp$,1983-01-22 00:00:00,016-7448-5436,bno@example.com,서울특별시 도봉구 도봉로 1000번길,여,2023-08-21
126,6524f0084a2a878233cd748e,이경자,IZsB0gdns5,+aBUz90j7d,1935-07-30 00:00:00,010-4033-1403,yeongsiggim@example.net,서울특별시 강북구 덕릉로 300번길,남,2023-09-15
127,6524f0084a2a878233cd748f,김보람,iSL6u2rDmr,B2T1SEhUh_,1987-02-25 00:00:00,02-3082-6116,jieunan@example.net,서울특별시 은평구 은평로 2200번길,여,2023-08-11
128,6524f0084a2a878233cd7490,장지우,HCxbYvqcVZ,(hgZ8mF587,1980-09-22 00:00:00,016-2124-4418,yeonghwangim@example.net,서울특별시 도봉구 도봉로 1000번길,여,2023-10-03
129,6524f0084a2a878233cd7491,황동현,VG5Qj5mv2x,#(tnITHn)9,1978-02-12 00:00:00,02-4751-1516,jihun21@example.net,서울특별시 광진구 광나루로 600번길,남,2023-08-01
130,6524f0084a2a878233cd7492,이정훈,33qHcS5Omv,jUw^v6@kY#,1942-10-27 00:00:00,02-3751-3815,iyeonggil@example.net,서울특별시 양천구 목동동로 1900번길,남,2023-08-06
131,6524f0084a2a878233cd7493,이지후,g5Qj0yBxXp,feg_4qXe6k,1963-03-26 00:00:00,02-7575-1669,seoyun31@example.org,서울특별시 성동구 왕십리로 1600번길,여,2023-08-05
132,6524f0084a2a878233cd7494,김영미,p4HloxrgCM,41HRBEtb^b,1977-01-09 00:00:00,016-2828-7954,gimseungmin@example.net,서울특별시 용산구 이태원로 2100번길,남,2023-09-28
133,6524f0084a2a878233cd7495,이성현,ADE7vFtWEI,422vsTZj$4,1951-11-02 00:00:00,02-3307-1899,eomseunghyeon@example.net,서울특별시 구로구 구로로 700번길,여,2023-08-12
134,6524f0084a2a878233cd7496,김영순,53N6fNCiuP,_1nMXwa2a!,1952-07-30 00:00:00,016-2587-9362,yeongsu42@example.org,서울특별시 구로구 구로로 700번길,여,2023-09-29
135,6524f0084a2a878233cd7497,장정웅,GjtWJKk0yE,^!ULyp_w0Z,2003-02-12 00:00:00,017-8735-9373,yeonghobag@example.org,서울특별시 금천구 시흥대로 800번길,남,2023-07-04
136,6524f0084a2a878233cd7498,손준혁,dIGq9wQBcu,_hEWVe%iH6,1955-05-01 00:00:00,016-4080-5495,hongjunho@example.com,서울특별시 서대문구 이화여대길 1400번길,여,2023-09-26
137,6524f0084a2a878233cd7499,김진우,mQPintgjaR,nXrjN0Ci$*,1933-09-25 00:00:00,02-1057-5428,yeongceoli@example.net,서울특별시 은평구 은평로 2200번길,남,2023-09-14
138,6524f0084a2a878233cd749a,이예은,K0q6tkBOEO,33t4VGZe*u,1940-03-17 00:00:00,016-7120-6962,eunju25@example.net,서울특별시 중랑구 중랑로 2500번길,여,2023-09-28
139,6524f0084a2a878233cd749b,박현지,Sp51Ehi3Xz,Fp(4WfRd$&,1973-11-27 00:00:00,016-1348-6842,hyeonjuseo@example.net,서울특별시 송파구 올림픽로 1800번길,남,2023-08-01
140,6524f0084a2a878233cd749c,이수진,GXOiJktPaD,$f7Cb(Iehe,1934-01-20 00:00:00,016-7289-9621,gimminjae@example.com,서울특별시 구로구 구로로 700번길,남,2023-08-08
141,6524f0084a2a878233cd749d,김정순,Mn4kaQZLv8,(XHIH7XrFw,1964-04-08 00:00:00,016-4348-1759,sinjihun@example.com,서울특별시 성동구 왕십리로 1600번길,여,2023-08-26
142,6524f0084a2a878233cd749e,이옥자,mVUglu668s,5dGBsC1@!b,1958-06-15 00:00:00,010-9435-6871,dgim@example.net,서울특별시 송파구 올림픽로 1800번길,남,2023-08-31
143,6524f0084a2a878233cd749f,양보람,ADeMbWn13Q,Jyc(fcQn)2,1959-05-21 00:00:00,016-2087-5328,seongmin98@example.net,서울특별시 강동구 천호대로 200번길,남,2023-08-15
144,6524f0084a2a878233cd74a0,박지혜,XcL0wioE5a,M0VSB2Ds$x,1984-10-27 00:00:00,010-3671-3318,hongseoyeong@example.org,서울특별시 은평구 은평로 2200번길,여,2023-08-17
145,6524f0084a2a878233cd74a1,이승민,6l06xpqENr,nRhfY2Mnr#,1977-03-14 00:00:00,02-4224-9619,mbaeg@example.org,서울특별시 도봉구 도봉로 1000번길,남,2023-09-16
146,6524f0084a2a878233cd74a2,지병철,LrtzoX8dPM,G!1F_YPiS9,1964-05-04 00:00:00,02-2949-8946,jia38@example.net,서울특별시 서초구 강남대로 1500번길,남,2023-09-24
147,6524f0084a2a878233cd74a3,강정웅,0Nwt2lUFZw,&2FSrJ9b)S,1973-02-02 00:00:00,010-3271-9419,pgim@example.net,서울특별시 성동구 왕십리로 1600번길,여,2023-07-17
148,6524f0084a2a878233cd74a4,김민서,LDgxdcBe5k,D4gi4X4r^o,1965-06-02 00:00:00,017-2148-2220,jinho38@example.org,서울특별시 성동구 왕십리로 1600번길,남,2023-09-18
149,6524f0084a2a878233cd74a5,박예준,0C7j1JFAyw,#5e8)iKi#5,1943-10-26 00:00:00,010-3023-7312,ahan@example.org,서울특별시 서대문구 이화여대길 1400번길,남,2023-08-02
150,6524f0084a2a878233cd74a6,고정숙,Qhvkqr93mN,!3MWjKgKoD,1933-07-12 00:00:00,017-6883-2155,hyejin57@example.net,서울특별시 강서구 양천로 400번길,남,2023-07-19
151,6524f0084a2a878233cd74a7,송미경,LIS4xcaoC7,(UUYEknR93,2000-06-30 00:00:00,017-1132-4856,cgim@example.net,서울특별시 서초구 강남대로 1500번길,남,2023-08-19
152,6524f0084a2a878233cd74a8,전성호,vgHqUkWQSg,*s70Met^!*,1982-09-03 00:00:00,016-9257-3027,gyeonghyi78@example.org,서울특별시 동작구 동작대로 1200번길,남,2023-07-08
153,6524f0084a2a878233cd74a9,홍주원,Y17zR8WEzR,a*2d9FPlW7,1992-01-11 00:00:00,010-5273-8910,hongjeongsug@example.net,서울특별시 종로구 종로 2300번길,여,2023-07-17
154,6524f0084a2a878233cd74aa,남은주,LCDIY90Nkg,N7IwEqKr)m,1981-11-17 00:00:00,016-9182-2959,fgim@example.net,서울특별시 강동구 천호대로 200번길,남,2023-07-03
155,6524f0084a2a878233cd74ab,홍예은,KSxRmNc64p,F48RVfPi#^,1982-04-28 00:00:00,02-9170-1432,misug89@example.net,서울특별시 강서구 양천로 400번길,남,2023-07-06
156,6524f0084a2a878233cd74ac,이정식,jnv4PMtBnD,SW4BJl#vo),1936-11-24 00:00:00,02-2941-8727,sanghyeon95@example.org,서울특별시 중랑구 중랑로 2500번길,남,2023-07-18
157,6524f0084a2a878233cd74ad,이유진,X9ZBxXryZr,$8njKVRl$(,1939-10-13 00:00:00,017-2073-3200,yeongja20@example.com,서울특별시 양천구 목동동로 1900번길,여,2023-08-20
158,6524f0084a2a878233cd74ae,장아름,hLIYnahX2J,(9o#(Cvu&4,1952-08-08 00:00:00,016-5891-7059,jeongsigo@example.com,서울특별시 용산구 이태원로 2100번길,여,2023-07-13
159,6524f0084a2a878233cd74af,진은경,PWRMEfDHm7,OmGkZEXa$9,1985-03-02 00:00:00,02-6263-6778,gimjiweon@example.org,서울특별시 도봉구 도봉로 1000번길,여,2023-08-26
160,6524f0084a2a878233cd74b0,김지후,tjrbBeaE3M,C_N3aP*uuF,1957-01-31 00:00:00,016-7975-9852,sanghyeon92@example.net,서울특별시 중구 중구로 2400번길,여,2023-08-19
161,6524f0084a2a878233cd74b1,김상현,qs392jIoxz,C%2GpUeM0V,1937-08-17 00:00:00,017-1695-6542,hwanghyeonu@example.org,서울특별시 마포구 마포대로 1300번길,여,2023-09-08
162,6524f0084a2a878233cd74b2,최현숙,PYwQ9m4IWU,t0_7TEcidZ,1996-03-27 00:00:00,016-6947-8723,iyeonghyi@example.com,서울특별시 구로구 구로로 700번길,남,2023-09-28
163,6524f0084a2a878233cd74b3,권지연,OH1gUZsbej,)GjPuV9K_9,1991-01-22 00:00:00,017-4122-3703,minseoi@example.net,서울특별시 동대문구 천호대로 1100번길,남,2023-08-03
164,6524f0084a2a878233cd74b4,황준영,ON29cBSIc6,5c8OTbo8@h,1987-11-23 00:00:00,016-9747-8187,songminjun@example.com,서울특별시 관악구 관악로 500번길,남,2023-07-23
165,6524f0084a2a878233cd74b5,박상호,di843f3JYu,s@1tJ)b#0T,1981-01-11 00:00:00,02-1902-1530,gyeonghyi76@example.org,서울특별시 서초구 강남대로 1500번길,여,2023-09-26
166,6524f0084a2a878233cd74b6,이서윤,oA34CxAE9N,W(1Qgco91B,1997-12-24 00:00:00,010-3219-3631,eunjeongi@example.net,서울특별시 관악구 관악로 500번길,여,2023-07-26
167,6524f0084a2a878233cd74b7,신정식,wjwaxB6D4Y,@9wNIcbw0x,1999-06-04 00:00:00,016-2846-3464,gimjeongsug@example.com,서울특별시 영등포구 영등포로 2000번길,여,2023-08-23
168,6524f0084a2a878233cd74b8,장정남,Pa4Dem2m5q,f^38yFo6RQ,1992-01-05 00:00:00,017-6312-8732,si@example.com,서울특별시 성동구 왕십리로 1600번길,남,2023-09-07
169,6524f0084a2a878233cd74b9,박영희,jJu2Cyqg2C,H)e3LGe*$e,1947-04-05 00:00:00,010-1046-8803,ajang@example.com,서울특별시 성동구 왕십리로 1600번길,남,2023-07-20
170,6524f0084a2a878233cd74ba,김민석,pakges4vx3,HD4Vz_*l(W,1956-07-24 00:00:00,02-7319-6627,gimseonyeong@example.net,서울특별시 동작구 동작대로 1200번길,여,2023-07-06
171,6524f0084a2a878233cd74bb,황은서,OmdaHPwHJE,&#(1WREolg,1996-01-18 00:00:00,02-6706-1669,ujin47@example.net,서울특별시 강서구 양천로 400번길,여,2023-09-19
172,6524f0084a2a878233cd74bc,이우진,Lu64U1rqGW,D4W*alOe+J,1950-12-06 00:00:00,017-3680-3907,yeongsigan@example.com,서울특별시 영등포구 영등포로 2000번길,여,2023-08-11
173,6524f0084a2a878233cd74bd,이서연,VJQeN80rXT,*mD3Q!F$0I,1948-12-26 00:00:00,010-6413-3398,hwangmijeong@example.com,서울특별시 용산구 이태원로 2100번길,남,2023-09-21
174,6524f0084a2a878233cd74be,손미영,x2NaXUsXTk,oe6FOlfz8),1965-08-13 00:00:00,010-6209-7479,si@example.com,서울특별시 중랑구 중랑로 2500번길,남,2023-09-18
175,6524f0084a2a878233cd74bf,이명자,ezqGL86CJA,@Tu4MEOwx9,1994-10-02 00:00:00,010-2106-7585,ryuseongjin@example.org,서울특별시 동작구 동작대로 1200번길,남,2023-07-26
176,6524f0084a2a878233cd74c0,김민재,egHYUrXFfU,zZj@5Trz@^,1966-05-12 00:00:00,02-8847-9812,gimareum@example.com,서울특별시 강북구 덕릉로 300번길,남,2023-09-01
177,6524f0084a2a878233cd74c1,오민재,OMRYc9Sofo,n1)niLqs$Q,1996-11-16 00:00:00,010-3478-1744,yeonghwanjo@example.net,서울특별시 강서구 양천로 400번길,여,2023-08-09
178,6524f0084a2a878233cd74c2,김건우,1nzPOo3Sbz,((7NkP@ypg,1990-03-22 00:00:00,016-4512-5890,seoyeeun@example.net,서울특별시 중랑구 중랑로 2500번길,남,2023-07-12
179,6524f0084a2a878233cd74c3,차지원,JY0gSdDf0V,_(s2R7MecK,1933-03-17 00:00:00,016-2051-1552,sanghobag@example.net,서울특별시 송파구 올림픽로 1800번길,남,2023-07-26
180,6524f0084a2a878233cd74c4,노종수,Ung87mnCYl,^L9(JwqKUp,1973-02-07 00:00:00,017-4247-2161,sunog89@example.net,서울특별시 동작구 동작대로 1200번길,남,2023-07-26
181,6524f0084a2a878233cd74c5,윤지민,XmzD35HsaN,Pd56rCIMt_,1940-07-27 00:00:00,017-7127-5396,ygim@example.net,서울특별시 중랑구 중랑로 2500번길,남,2023-09-20
182,6524f0084a2a878233cd74c6,김현숙,iaB8F3D4xf,0D@ZOmwi@5,1998-06-12 00:00:00,016-3692-7355,jinusong@example.com,서울특별시 강서구 양천로 400번길,여,2023-10-09
183,6524f0084a2a878233cd74c7,이수빈,safIWTRl7o,3Dk7EJatD*,1959-10-18 00:00:00,017-6512-5697,bagyeweon@example.com,서울특별시 광진구 광나루로 600번길,여,2023-08-30
184,6524f0084a2a878233cd74c8,양승현,KSwPS6i4Co,$k7l#MDzds,1979-03-04 00:00:00,017-1348-2312,iseojun@example.org,서울특별시 강서구 양천로 400번길,남,2023-09-01
185,6524f0084a2a878233cd74c9,장순옥,33LGlcAxVu,bS1Tm@Ln)N,1987-03-23 00:00:00,02-7308-5807,seoyeon83@example.org,서울특별시 마포구 마포대로 1300번길,여,2023-08-05
186,6524f0084a2a878233cd74ca,성정식,oBFCqyr3lY,@I4lCilnKR,1965-03-04 00:00:00,016-8454-4236,seonghun33@example.org,서울특별시 영등포구 영등포로 2000번길,남,2023-09-18
187,6524f0084a2a878233cd74cb,최경숙,Rj0R4KgLpj,$8QjB6z5Gj,1978-12-07 00:00:00,017-6846-8187,seoyeongim@example.com,서울특별시 금천구 시흥대로 800번길,여,2023-07-06
188,6524f0084a2a878233cd74cc,김서현,WR7ByJ0Pqw,i9!v1JHz%T,1939-11-04 00:00:00,017-4312-7374,ogsungweon@example.com,서울특별시 양천구 목동동로 1900번길,남,2023-10-07
189,6524f0084a2a878233cd74cd,나영식,OMLjPserdh,1nyXzob1&4,1954-03-02 00:00:00,010-7467-6942,jungsu57@example.net,서울특별시 동작구 동작대로 1200번길,여,2023-08-19
190,6524f0084a2a878233cd74ce,서정식,UDyczJpaov,OJ0H0lCt*w,1991-10-07 00:00:00,010-9652-6784,eju@example.net,서울특별시 성동구 왕십리로 1600번길,남,2023-07-11
191,6524f0084a2a878233cd74cf,최정수,pOPMhnW4xc,1pd_F1Qgya,1994-01-12 00:00:00,010-1868-3471,munsangho@example.org,서울특별시 영등포구 영등포로 2000번길,남,2023-07-06
192,6524f0084a2a878233cd74d0,문민준,0FZZtN65Wi,&2%Js1ykKJ,1975-04-29 00:00:00,016-5992-3933,jcoe@example.org,서울특별시 금천구 시흥대로 800번길,여,2023-07-05
193,6524f0084a2a878233cd74d1,박영진,f0AbDXXUIz,4&7Txm^t+n,1970-02-02 00:00:00,016-8147-7054,tbae@example.org,서울특별시 광진구 광나루로 600번길,남,2023-07-28
194,6524f0084a2a878233cd74d2,안지은,EVAmgp98oZ,#esm)2Of*x,2001-06-01 00:00:00,017-7773-1787,useongjin@example.com,서울특별시 영등포구 영등포로 2000번길,남,2023-07-17
195,6524f0084a2a878233cd74d3,고아름,20yea5k17g,%N3T6tBjj&,1979-12-24 00:00:00,017-1320-7195,yejunjang@example.com,서울특별시 동작구 동작대로 1200번길,여,2023-07-10
196,6524f0084a2a878233cd74d4,이정숙,NWcGiRY2rQ,#l%Zhl^_!8,1993-07-10 00:00:00,010-5328-9392,hyeonsug12@example.com,서울특별시 마포구 마포대로 1300번길,남,2023-07-18
197,6524f0084a2a878233cd74d5,이상훈,sRK75wcKTk,)7@KtRjmR7,1989-11-01 00:00:00,010-2570-7896,ijeongho@example.net,서울특별시 종로구 종로 2300번길,남,2023-07-26
198,6524f0084a2a878233cd74d6,송현우,auh9jNElAL,sg_G7GMYV_,1993-10-24 00:00:00,010-8493-3856,junho71@example.org,서울특별시 양천구 목동동로 1900번길,남,2023-09-10
199,6524f0084a2a878233cd74d7,노지혜,uS0FMoLlSl,CvTRFevA+7,1938-03-10 00:00:00,02-4867-3183,baegmigyeong@example.org,서울특별시 종로구 종로 2300번길,여,2023-09-12
