,Unnamed: 0,_id,name,reviews
0,0,650978afe0993aa0485ff5df,Party Saurus Rex,"헬스장과 어플의 수익분배가 어떻게 되는지는 모르겠는데, 다짐어플로 통합회원권 끊고 가면 묘하게 우리 헬스장 회원이 아니라 이방인(?)취급하는 느낌이 있어요. 헬스장 둘러보러 왔다고 하면 신나서 설명해주시다가도 다짐 어플얘기를 꺼내면 묘하게 분위기가 달라지는게 있습니다... 그거 외에는 합리적인 가격에 여러 헬스장 이용할 수 있어서 좋아요"
1,1,650978afe0993aa0485ff5e0,cha park,운동을 좋아하는사람에겐 최고입니다! 너무 잘 사용하고있어 단점이라기보단 이런점이 있으면 이용할때 더 좋을것같은점이 몇개 있어 몇자 남겨봅니다 우선 통합회원권 선택시 추천시설 카테고리를 세분화하면 더 좋을 것 같습니다. 같이다니면 좋을 시설에 너무 연관성이 없어보이는 시설들만 추천에 떠서(예를 들자면 크로스핏을 선택하면 역도나 체조와 같은 맨몸운동 시설이 더 연관성이 있는데 가까운 헬스장이라던지 탁구장이 추천으로 뜨거나) 사실상 추천시설이 아닌 다짐 지도에서 괜찮을것같은 시설을 직접 찾고있습니다ㅠ 두번째론 꼭 내가 사는지역이 아니더라도 새로운 시설이 입점되면 홈화면에서 보일수있게끔 개선됬으면 좋겠습니다! 가까운 지역이야 운동시설목록에서 금방 찾을수있지만 먼거리는 잘 찾아보지 않게 되는것 같습니다. 그리고 정말 좋은 시설은 생각보다 멀리서도 찾아오는 경우가 꽤 있는것같아서 조금 더 선택시에 도움이 되지 않을까 싶습니다! 제 의견이 다짐에 조금이라도 도움이 되길 바라겠습니다!
2,2,650978afe0993aa0485ff5e1,박나래,오랜만에 헬스장에서 운동하고 싶은 생각에 막연하게 인터넷에 쳐보기도하고 번거롭게 전화해서 가격도 문의할때도 직접 와야한다는 얘기들만 해서 일때문에 시간도 부족한 저에겐 너무 맞춤인 어플이에요!! 일단 합리적인 가격과 다른 헬스장이랑 비교해서 내가 원하는 헬스장 선택이 가능하다는게 솔직히 너무 편하고 좋네요 ㅠㅠ 친구추천으로 속는셈치고 한번 다운받아본건데 너무 만족합니다:))
3,3,650978afe0993aa0485ff5e2,조정호,"1.강원도 원주시 단구동에 하나도 없어서 제가 헬스장이랑 수영장 하나 시설등록요청 했습니다. 운동시설이 하나도 없는 만큼 단구동에 시설등록이 되면 좋겠는데요, 제가 신청한 시설(혹은 그냥 단구동 운동시설)은 시설등록이 될수있을까요? 보통 앱 사용자분들이 시설요청하는것 중 몇 프로 정도가 시설등록이 되고 기간은 어느 정도 걸리나요? 2. 네트워크 오류입니다. 잠시 후 다시 시도해 주세요. 이 문구가 시도때도 없이 뜨며 앱 호환이 안됩니다. 이런적 없었고 S9+인데 해결 방법 제시해주세요 와이파이나 데이터나 둘 다 해봤는데 안돼요 +수정)이제 갑자기 되기 시작했어요 +)방금 됐다가 또 렉걸리네요,,,, 첨보다는 낫지만 도와주세요오"
4,4,650978afe0993aa0485ff5e3,정희정,"추천 ☆×5 !! 운동시작 전에 무조건 깔아야하는 어플! 헬스장 등록할때 거리,가격,트레이너정보를 가장 중요하게 확인하는데 다짐어플은 진짜 직관적으로 설계한것 같음. 세가지 정보를 한꺼번에 확인할수 있어서 여러군데 사이트 들어가면서 확인할 필요없이 쉽게 비교해볼 수 있음. 그리고 시설에 대해 허위광고가 아니라 사실기반의 사진과 정보를 제공하기때문에 합리적 선택을 할 수 있는듯 ! ! ㅎㅎ"
5,5,650978afe0993aa0485ff5e4,Google 사용자,세상에...헬창친구 추천으로 사용해봤습니다. 이제 헬스장도 어플로 가격알아보고 끊고다닌다니... 일단 프로그램과 비용을 전화하거나 찾아가보지 않아도 알 수 있다는 점이 너무 편합니다. 가격도 제휴가격인지 다짐이 더 저렴한 경우도 있고요. 특히 여성전용도 미리 표시돼서 필라테스 알아볼 때 도움 많이 됐습니다. 요즘 크로스핏 도전해보려고 드릉드릉하는데 시설사진 확인하면서 가격비교중입니다. 아직 해보지는 않았는데 시설 몇개를 개별가격보다 저렴하게 하나로 통합해서 끊을수있다는데..제가 다니는곳 끼리는 안돼서 아쉽네요😭 더 흥해서 더 많은곳 더 저렴하게 이용하게해주세요👏👏👏
6,6,650978afe0993aa0485ff5e5,Google 사용자,"아직 결제를하진 않았고 결제 후 폐업, 제휴사의 불친절, 차별 등이 있을시 어떻게 대처해야하는지 설명이 좀더 자세하게 나와있었으면 좋겠습니다. 이런 문제점들이 있어도 운동을 배우고 싶은 사람들에겐 최고의 앱임것은 틀림없어 보입니다. 빨리 많은사람들에게 알려져 이용자가 늘어 더 많은 제휴점들이 생겼으면 좋겠습니다!"
7,7,650978afe0993aa0485ff5e6,이름없음,처음에 네트워크 오류 계속떠서 조금 화가났지만 다시 어플 들어가서 위치켜니까 잘되더라구요 현장에서 하는것보다 저렴하게 예매해서 기분 좋았어요 여기저기 홍보할게요ㅎㅎ 그리고 환불에 대해서 불만이 있으신분들이 계시던데 회원권 문자 제대로만 읽어보시면 다 아는 내용들인데 왜 우기시기만 하는건지 이해가 좀....ㅎㅎ 아무튼 어플로 결제 잘했습니다 감사합니다!
8,8,650978afe0993aa0485ff5e7,간디귿,다른 건 너무 좋은데 검색 기능이 너무 구데기에요 정릉을 기준으로 검색했는데 갑자기 부산이 왜 나오죠? 서울에 다짐 회원으로 할 수 있는 헬스장이 없는 것도 아닌데
9,9,650978afe0993aa0485ff5e8,Hotae Lee,7/4 업데이트이후 네이버로그인시 팅김현상일어나고 그이후 앱실행하면 계속 팅김 10번이상 재설치해도 같은현상 반복. 현재 개발자에게 메일보낸상태인데 안고쳐짐 이앱은 그만 쓰겠습니당
10,10,650978afe0993aa0485ff5e9,mon di,가격비교.... 일일히 하나하나 다 눌러서 확인해봐야 되고 저렴한 헬스장은 등록도 거의 안돼 있음
11,11,650978afe0993aa0485ff5ea,김에스더,앱상태가 상당히 오류?가많네요 뭘 눌러도 처음검색했던것만뜨고 지도눌러도 아무것도안뜨고 그냥 죽어있는앱같아요
12,12,650978afe0993aa0485ff5eb,김두한,Pt 가격 정렬 좀 되게 해주세요. 금액이 나와있지 않아서 하나하나 다 클릭해야 하네요.
13,13,650978afe0993aa0485ff5ec,쿵쿵댕댕,이미 헬스장을 다니고 있는데 제가 알아본 곳들은 아예 나오지도 않네용... 아직 너무 부족한것 같아요ㅎㅎ
14,14,650978afe0993aa0485ff5ed,Girun,서울인데도 생각보다 운동시설이 별로 없네요 그냥 헬스장만 있네요
15,15,650978afe0993aa0485ff5ee,완드,헬스장 상담을 받지 않아도 가격을 알 수 있고 더 저렴한 헬스장을 찾을 수 있어서 편리합니다. 헬스장 추천을 할 수도 있어서 더 많은 헬스장이 등록되면 좋겠습니다.
16,16,650978afe0993aa0485ff5ef,양현석,너무 사용성이 좋은 것 같습니다. 특히 p.t 가격이 합리적이고 설명도 자세히 나와 너무 만족하고 예약했습니다! 감사합니다!!!
17,17,650978afe0993aa0485ff5f0,JY K,강력 추천 최대 3개 동시에 등록해도 되서 한군데에서 불편한 직원 잇어도 다른곳에서 운동 할수잇어서 좋음 하루에 두번 하고 싶을때도 센터 각별로 가서 운동 할수잇고 각각의 센터 마다 기구들이 달라서 지루하지 않게 여러 자극을 받아가면서 운동 할수잇어서 좋음 거기다가 출첵 하면 포인트도 줘서 재미도 쏠쏠함 등록 되 잇는 센터가 더 많아 졋으면 좋겟음 헬스장 가려는 사람들에게 강력추천 하고 잇지만 등록 안되잇는 경우도 잇어서 아쉬움ㅠ
18,18,650978afe0993aa0485ff5f1,테라스139김재경,최악이에요 이걸로 가격비교 참고는 해도 결제하는건 진짜 비추드립니다 ㅡㅡ 원래 취소 및 환불 법적으로 가능한건데 제가 사정이 생겨서 이전꺼 취소하고 다른카드로 결제해서 결제일만 바꿀 수 없냐니까 규정상 한번 긁으면 그 정산이 헬스장으로 넘어가서 안된다네요 ^^;;;; 세상에 취소 안되는 데가 어디있습니까???? 제가 무슨 무지성으로 환불을 요구한것도 아니고 그전꺼 취소하고 같은카드로 다시 해달라고 한건데 ^^ 자기들 귀찮고 절차 복잡하고 시간 걸리니까 안된다네요 ^^ 장난하나요 법적으로도 헬스장 취소처리 규정상 10프로금액 제하고 취소처리 가능해요 ^^ 하지만 이 어플 사용하는 순간 그런거 못받는다고 보시면됩니다 이어플은 그냥 돈받는 순간 응대 없어요 그리고 콜센터 직원 매우 불친절하네요 우린 해줄거 없으니까 알아서 하세요~~ 라는식 최악이에요 정말 매우비추 원래 웬만하면 리뷰도 안 쓰는데 처음써보네요
19,19,650978afe0993aa0485ff5f2,「」,"이 앱만 설치가 74%에서 더이상 진행되지 않음/추가) 답변에 나온것포함해서 고객센터 다운로드안될때 해결법이나 인터넷검색해서 나온 방법들(캐시,데이터지우기, 재부팅, 스토어 재설치) 다해봤는데 안됩니다. 근데 신기한게 이 앱만 다운이 안돼요 다른앱들은 다 정상적으로 다운이됨"
20,20,650978afe0993aa0485ff5f3,손정호,연동된 시설이 별로없음 우주최저가라고 적혀있으나 동네에서 제일 비싼곳중에 한군데만 뜸 거기 반값에 시설도 더 좋은데가 세군데는 존재하는데 아직은 db가 현저히 부족해서 오히려 잘못된 선택을 할 수 있음 단 미래에 많은 곳이 가입해서 가격경쟁 시장으로 뛰어든다면 좋은 어플로 발전할 것이라 생각됨
21,21,650978afe0993aa0485ff5f4,Google 사용자,용량이 좀 되어서 찾고 나서 지우지만 이 앱으로 역도를 배울 수 있는 가까운 짐을 찾을 수 있었습니다. 정확히는 크로스핏 겸 역도라 역도로 검색해서는 못 찾았지만요.. 아무튼 유용한 앱입니다!
22,22,650978afe0993aa0485ff5f5,Google 사용자,아주 잘 이용하고 있습니다. 여러 운동을 저렴한 가격에 이용할 수 있어서 좋습니다. 출석할 때마다 적립금도 쌓이고 이런저런 할인도 해줘서 좋습니다.
23,23,650978afe0993aa0485ff5f6,임유나,"완전 도움 많이받고있습니다 헬스해도 핑계되며 잘안가게되는데 동네,회사근처 다양하게 이용할 수 있어서 도움많이되요ㅋㅋㅋㅋㅋ여름준비는 다짐이 해결해줬네요👍짱짱"
24,24,650978afe0993aa0485ff5f7,이혜린,"헬스는 장기권 끊어놓고 지루해서 잘 가지도 않고 동시에 새로운 운동을 다니기에는 금액이 부담이 되었었는데, 다짐에서는 원하는 운동을 함께 패기지처럼 등록할 수 있어서 좋아요. 사진이나 설명이 상세해서 발품 팔 시간도 줄일 수 있구요. 다짐 마켓도 요즘 눈팅 중입니다. 👀"
25,25,650978afe0993aa0485ff5f8,과일깎는노인,네트워크 오류로 어플 사용 불가합니다 재설치까지 해봐도 안되네요
26,26,650978afe0993aa0485ff5f9,Google 사용자,"이런 운동 어플 많이 써봤는데, 디자인도 예쁘고 플랫폼이나 사용성이 많이 편해서 계속 이 어플만 사용하고 있습니다! 가고싶었던 헬스장이나 운동하는곳이 많이 있어서 믿고 사용하게되네요 ! ㅋㅋㅋ 감사합니다~"
27,27,650978afe0993aa0485ff5fa,차현호,전화했을때보다 싸게 잘 등록한 것 같습니다! 시작날짜 미리 정할수있는것도 굳!! 옛날에는 지점도 방문하고 설명까지 듣고가도 걱정되는게 있었는데 지점 리뷰도보고 완전좋네요. 센터가 더 많아지면 좋겠어요~
28,28,650978afe0993aa0485ff5fb,Google 사용자,주변 운동시설 찾는데 이만한 어플도 없는것 같아요ㅎㅎ 사용하기에도 편리하고 디자인이 깔끔해서 사용하기 좋은 어플인것 같습니다!!
29,29,650978afe0993aa0485ff5fc,Google 사용자,처음생긴어플이라 여러가지 불편한게 많아서 비판했었는데 진짜 일주일 만에 다짐직원분들이 전화주시고 너무친절하게 불편한점 들어주시고 정말 빠르게 피드백해주셔서 감동의 댓글을 남깁니다. ^^ 감사합니다!
30,30,650978afe0993aa0485ff5fd,황용순,코로나로 운동을 많이 하지못해 집근처 운동 할곳을 찿던중 앱 사용해보니 가격부터 할인까지 잘 알수 있어서 대박 넘 좋왔어요~^^ 주변 지인들 한테 적극 추천 하고 싶네요..
31,31,650978afe0993aa0485ff5fe,이름성,운동하려면 돈이 꽤 많이 드네요 한달에 60하는데도 있고... 일단 지우고 담에 써봐야겠음
32,32,650978afe0993aa0485ff5ff,Google 사용자,"다짐으로 건대에 있는 헬스장이랑 신림 와이짐이랑 다니고 있는데, 2만원만 더 내면 두개 다 다닐 수 있어서 진짜 좋습니다. 출석도 그냥 qr 찍으면 돼서 편하고, 결제도 앱으로 하니까 언제든 하기 쉽네요 b"
33,33,650978afe0993aa0485ff600,곽민재,"고객센터 문의에 답변도 늦고, 확인하겠다는 메세지 이후 연락도없고 그저 결제기한 지났으니 책임은 고객한테있다는 말만하고 아무 후속 연락도 주지않네요"
34,34,650978afe0993aa0485ff601,이근,제 지역에 헬스장이 어디있는지 한눈에 알기 쉬웠고 좀더 저렴하게 헬스장을 이용할 수 있어서 굉장히 유용한 어플이네여ㅎㅎ 다짐을 통해 다이어트 시작한만큼 열심히 운동해보겠습니다
35,35,650978afe0993aa0485ff602,영뽀이,지역별 운동별로 가격 시설볼수있어서 편하고 좋습니다. 제로페이 결제유무도 표시되었으면 좋겠네요.
36,36,650978afe0993aa0485ff603,Google 사용자,제가 알바하는곳에 오셔서 설명해주셨는데 매니저님이 안계셔서 그냥 돌아가셨어요. 발로 뛰고 열정 넘쳐보였어요. 전 운동은 안하지만 멋진 개발자와 어플인것 같네요.👍
37,37,650978afe0993aa0485ff604,MGsolutions Korea,"아니 세상에 이런 앱이 있다니!! 왜 이제야 알았는지ㅠㅠ 항상 전화로 문의하면 너무 번거롭기도 하고 시간도 많이 필요했는데, 다짐이 한큐에 해결해줬네요!!! 트레이너분을 직접 선택해서 운동할 수 있다는게 정말 신세계네요~~><"
38,38,650978afe0993aa0485ff605,영,다짐어플로 등록하면 좀 더 저렴하게 등록할수 있다고 해서 설치 했습니다. 제 주변에 운동할수 있는데가 어딨는지도 알수 있고 비교해서 결정할수 있을것 같아 좋은것 같네요^^
39,39,650978afe0993aa0485ff606,서기원,편하게 등록된 업체 가격 볼 수 있고 묶음 신청도 되는건 좋아요 유료 옵션(운동복 등)도 미리 선택해서 같이 결제할 수 있으면 좋겠어요
40,40,650978afe0993aa0485ff607,Google 사용자,"헬스같은 경우에는 많은 쇠질러들이 헬스장 선택할 때 관심있어하는 항목이 있는데 각 헬스장 소개글에 렉, 스미스, 벤치 등 주요 기구가 몇 대 있는지나 땅데드 가능한지 등을 이용자들이 알 수 있게 하는 건 어떨까요."
41,41,650978afe0993aa0485ff608,오장섭,결제창에서 계속403오류가 뜨는데 어떻게합니까
42,42,650978afe0993aa0485ff609,우기우기,자주이용하고있어요
43,43,650978afe0993aa0485ff60a,Suk Jae Sin,"단점이 없는건 아니겠지만, 소비자가 이 서비스를 사용함으로써 이점을 가져갈수있는 흔치않은 서비스라 생각되네요. 통합회원권도 분명 메리트 있는 기능이지만, PT 가격 한번 물어보려다가 괜히 이상하신 분한테 영업당할까봐 걱정안해도 되는게 저는 제일 좋아요!"
44,44,650978afe0993aa0485ff60b,허원,친구추천으로 다운받았느데 효율 짱짱!! 덕분에 근처 헬스장이나 트레이너분들 찾기가 쉬워졋네요~ 운동시작하는분들은 꼭 다운받아보시길! 강추~~!!!
45,45,650978afe0993aa0485ff60c,빼빠언니캠핑일기,"결제단계에서 안넘어가서 또 깔고 있음. 질문하고 싶은데도 계속 네트워크 오류났는데 담당자한테 답변이 온거보니 전송은 됐나봄. 앱좀 개선바람. 그리고 경기 광주에 피트니스 , 요가 , 필라테스 엄청 많은데 동네에 뜨는게 거의 없어서 영업을 제대로 좀 했음 좋겠다. 분당에서10분거리로 분당에서 가까운 광주인데 죄다 분당만 나옴. ."
46,46,650978afe0993aa0485ff60d,sisi,제가 찾던 어플이네요..ㅜ 실생활에 꼭 필요한 정보들이어서 완전 강추합니다! 보기좋은 UI 구성도 맘에 듭니다ㅎㅎ
47,47,650978afe0993aa0485ff60e,Google 사용자,다 좋은데 회원권 등록이 안되네용... 다짐몰 이용도 불편해요 배송추적기능도 없고...너무 기능 간소화한 나머지 있어야할기 없는느낌....
48,48,650978afe0993aa0485ff60f,Google 사용자,"필라테스 고민이었는데 합리적인 가격에 운동해볼 수 있어서 참 좋아요!!!:) 처음엔 필라테스로 시작했는데 클라이밍이랑 헬스장까지도 둘러보고 결제하게 되더라규요,,, 넘유익한 앱! 번창하세요!!!"
49,49,650978afe0993aa0485ff610,Google 사용자,경기부천시상동 지역에 헬스장이 제가 본것만해도 4점포가 넘는데 한곳도 없네요... 언제쯤 등록되나요.. 기대하고 깔았는데 한곳도없어서..바로 제거했네요..ㅜ
50,50,650978afe0993aa0485ff611,No Stress,"Covid-19 때문에 시끄러운 마당에, 운동 좀 차분하고 조용하게 깔끔한 시설에서 해보고 싶었는데.. 여기서 좋은 센터 알아보고 다니면서 요새 몸 좋아진듯해요 ㅋㅋㅋㅋㅋ 🙏🙏🙏"
51,51,650978afe0993aa0485ff612,hg K,평소에 운동과 수영을 모두 하는데 두개를 한번에 결제 할 수 있어 너무 좋은 서비스입니다ㅎㅎ
52,52,650978afe0993aa0485ff613,Google 사용자,최지는 정말 좋은 어플이지만 맨땅에 헤딩으로 만든느낌이 너무 든다...주변 운동시설이 너무 안나온다... 고로 더 완벽해지면 다시 이용하겠다
53,53,650978afe0993aa0485ff614,Eungoog Jang,오 2군데를 저렴하게 쓸수 있어서 좋아요 한곳 사람 많거나 시간 안될때 다른곳 가서 하고 기구들 선택의 폭도 커지니 좋아요. 좀 더 많은 헬스장과 연계해서 집주변 헬스장에서 다짐 봤으면 좋겠어요
54,54,650978afe0993aa0485ff615,Google 사용자,헬스장 일일권도 가격비교 하고 살 수 있다면 더 좋겠습니다. 다른 지역가서도 헬스하고 싶을 때 유용하겠네요.
55,55,650978afe0993aa0485ff616,jinwoo bae,헬스장과 분쟁이 있었습니다 하지만 다짐에서 저를 위해 최선을 다해주셧고 그래서 안심하고 환불도 받을수 있고 중간다리 역활을 자기일마냥 너무 잘해주셧습니다 멍청한 헬스장을 만났지만 다짐때문에 신세계로 일처리 해주셧습니다 진심으로 감사드립니다 신규헬스장 장기로 끊게 되면 먹튀 하지않을까 하며 걱정해야하는데 그런분께 다짐 꼭 필수 입니다 꼭 다짐에서 하세요 흥흥 할껍니다 다짐!!! Cs 완전 괜찮습니다 불편한 부분있으면 바로 고쳐주시고 너무 감사한일이 많았습니다 믿고 이용해 보세요 !!!
56,56,650978afe0993aa0485ff617,박재근,운동시설을 미리 확인할 수있어서 너무 좋네요. 미리 가보고 겪어보지않는 수고를 덜어줘서 감사합니다ㅎ 출석기능이 저자신을 채찍질?할수있는 좋은 계기가 저눈 된거같아요ㅎㅎ
57,57,650978afe0993aa0485ff618,정승호,운동할때 자주찾게되네요 다짐을 통해서는 운동시설의 관한 모든 정보 확인이 가능해서 좋았습니다!
58,58,650978afe0993aa0485ff619,eo sangjun,제지역에 제휴된 만족스러운곳은 아직없어 이용하지 못하지만 별점 5개도 부족하네요. 빨리 성장해서 전국 모든 지역에 제휴가 되길바랍니다. 다른지역 샘플로 세곳 넣은다음 가격보고 경악을했네요.
59,59,650978afe0993aa0485ff61a,Google 사용자,최악의 운동제휴앱...헬스장이 없어져 버리거나 사장이 바뀌어서 사전통보없이 문전박대 경험...등록한 3군데 업체(3개월권 등록)중 한군데는 없어지고 나머지 한군데는 사장이 바뀜....환불처리함...단순변심이 아닌 제휴업체의 일방적인 계약해지로 환불(제휴업체 관리가 안되는모양)....신청한지 이틀째 아직 환불금액 입금안됨. ‐-------------------다짐 측 리플에 대한 답변확인 후----------------- 환불에 대한 클레임이라고 착각하시는거 같은데...제가 말씀드린 내용의 본질은 다짐은 헬스업체와의 제휴를 해주는 곳인데도 불구하고 그 업체와의 소통의 부재로인해 소비자에게 그 어떠한 사전 이야기도 없었고 그로인해 소비자인 저는 헬스장으로부터 문전박대 당했다....이게 핵심입니다
60,60,650978afe0993aa0485ff61b,성용인품,네트워크 오류 심하고 로딩도 너무 길어서 그냥 깔자마자 삭제해요. 어플 광고하는데 쓸 돈 서버운영에 투자하는 게 어떨지... 어플 구동도 제대로 안되는데 광고만 하면 뭐하나요.
61,61,650978afe0993aa0485ff61c,Google 사용자,비교도 잘 되고 너무 좋아요 쓰시는 분들도 잘 비교해서 본인에게 맞는 헬스장 이용 바래요 ㅎㅎ
62,62,650978afe0993aa0485ff61d,Google 사용자,두가지 운동을 하고 싶었는데~~~저렴하게 두가지를 즐길 수 있게 되서 너무 좋은 것 같아요!! 다짐 화이팅!!
63,63,650978afe0993aa0485ff61e,wooyoung kim,마침 필요했던 어플입니다. 헬스장 피티 너무 비싼데 가격도 비겨해볼 수 있고 발품 안 팔아서 좋네요. 헬스 다닐거면 다운받은 좋을듯.
64,64,650978afe0993aa0485ff61f,배인영,어플로 구매하는 가격이랑 그냥 헬스장가서 등록하는 가격이랑 같네요? 원래 가격이 1개월 8만원인데 어플에서는 원가 10만원이고 할인가 8만원인것으로 기재해 놓은 것은 눈속임같네요 어차피 그냥 가서 결제하는 가격과 같다면 굳이 어플을 이용해야할 이유를 모르겠어요
65,65,650978afe0993aa0485ff620,이승은,별 한 개도 아까움. 전화번호 인증할 때 스팸메시지 풀었는데도 인증번호 안하고 앱 시작도 못 함
66,66,650978afe0993aa0485ff621,希브,아... 대구에는 제휴 되어있는 곳이 너무 부족해요 제휴 업체가 많아진다면 엄청 편리한 앱이 될 것 같습니다
67,67,650978afe0993aa0485ff622,볼링꾸러기,운동 시작하고 많은 도움 받은 어플입니다. 다양한 정보를 한눈에 볼 수있고 편해서 좋아욥
68,68,650978afe0993aa0485ff623,오수불망,네트워크 오류가 왜케 잘뜨나요? 위치 권한도 다 줬는대요. 너무 불편합니다.
69,69,650978afe0993aa0485ff624,이현우,실제로 헬스장가서 결제하는거 보다 편하고 저렴해서 이용하는게 득입니다 광고같네 ㅋㅋㅋ
70,70,650978afe0993aa0485ff625,Google 사용자,시설네이버로 찾아보다가 너무 광고가많아서 불편했는데 꽤나 도움봤네요 다만아직등록이안된센터들이많아서 조금더빠르게커주세요
71,71,650978afe0993aa0485ff626,정성훈,운동시설의 정보를 쉽게 볼 수 있고 합리적인 가격에 이용할 수 있어서 좋아요
72,72,650978afe0993aa0485ff627,Google 사용자,"아직 신설 어플이어서 그런지 많이 부족하긴하네요ㅠㅠ 모 유튜버 보고 들어오긴했는데 잘 이용하면 좋을거 같다고 생각하긴 하지만 서울 한정이긴 하네요 지방쪽 광역시에 살고 있긴 하지만 많지도 않고.. 조금만 내리니 완전 타도시로 나와버리고 개인적으로 헬스로 근육은 만들고 싶은데 수영도 좋아하고 해서 둘 다 끊기엔 가격부담이 되서 그냥 헬스만 하다가 간간히 시간날때 수영 일권으로 다니는 편인데 그걸 해결해줄만한 획기적인 어플이라고 해서 와봤는데 많이 아쉽더라구요 헬스장 시설이나 가격도 네이버에서 일일이 알아보지도 않아도 되고 잘 성장해서 헬스판 배민, 야놀자로 자리 잡았으면 좋겠습니다"
73,73,650978afe0993aa0485ff628,Google 사용자,좋아요! 동네 짐을 더 할인된 가격에 예약햇어용~ 다른 운동이랑 묶어서 더 할인받을 수 있다는게 참신해요!
74,74,650978afe0993aa0485ff629,Google 사용자,좋긴하지만 시설이 너무 없어요... 특히 요가나 등 헬스 외의 운동을 하는 시설을 찾아볼 수가 없네요... 만약에 미리 알았다면 이용했겠지만 지금은...
75,75,650978afe0993aa0485ff62a,Google 사용자,인근지역에 헬스장이 없으면 정보가 부족하다고 하면 될것을 뭐하러 몇십km 떨어진 대도시 정보를 불러오나요...
76,76,650978afe0993aa0485ff62b,기종이머에요?,사실 다짐에 안뜨는 헬스장은 거르는게 맞는거같아요. 만나봐야지 가격말해주는 양아치관장들만 천지 ㅡㅡ.. 우선 대구엔 몇곳 없는데 가격속임없는 정직한 헬스장 많이 추가되길 바랍니다
77,77,650978afe0993aa0485ff62c,kim kimkim,네트워크 오류가 지속되어서 검색을 하나도 못하고 있습니다
78,78,650978afe0993aa0485ff62d,Google 사용자,최신업데이트를 하고나서부터 실행 할때마다 팅기네요 삭제하고 새로 설치해도 팅겨요
79,79,650978afe0993aa0485ff62e,너조,세종시 추가하신다고한지 4개월 넘게 지났는데 아직도 가장 가까운 헬스장이 18km 대전으로뜨네요 ㅋㅋㅋ
80,80,650978afe0993aa0485ff62f,민지,코로나 때문에 발품팔기 조금 걱정됐는데 쉽게 알아볼수 있어서 좋았어요
81,81,650978afe0993aa0485ff630,Google 사용자,실제 헬스장 가격이 올랐던데 어플에는 아직도 예전 가격으로 되어있어요 이거 그대로 결제하면 오르기 전 가격으로 이용할수 있나요?
82,82,650978afe0993aa0485ff631,arum0609,이런 아이디어 정말 좋은것 같아요. 누가 이런 생각을 했을까요.. 요즘 코로나때문에 살이 좀 쪘는데 다짐 이용해서 집이랑 회사근처로 잡아서 운동하려구요~ 좋은 앱 만들어주셔서 감사합니다
83,83,650978afe0993aa0485ff632,땀이송글,아직 사용은 안했지만 편리한 어플이에요🙂🙂🙂 성남쪽 필라테스(외에도..) 체육관들 추가해주실수 있나요? 코로나 끝나면 다짐통해서 등록하고싶은데 아무래도 선택의 폭이 적네요.. 단대오거리역 주변에 괜찮은 필라테스학원이 많거든요😢 그 외에 다른 체육관들도 늘려주시면 정말 감사하겠습니다!
84,84,650978afe0993aa0485ff633,섬갈마도,어플하나로 체육시설 정보를 한눈에 알아볼수 있게 잘 정리 해놓았어요~
85,85,650978afe0993aa0485ff634,seong,앱 수준이 많이 낮네요... 조잡하고 믿음도 안가고.. 별로임
86,86,650978afe0993aa0485ff635,정임미,가격이 너무너무 저렴하게 다녀만합니다 추천합니다 짱이예요 ^*^-👍👍👍👍👍
87,87,650978afe0993aa0485ff636,에몽잉,가격도 저렴해서 바로 결제!! 상담도 빨리해줘서 좋아요
88,88,650978afe0993aa0485ff637,WYS,무슨 오류가 이렇게 많아요 앱에.. 누르면 로딩오류때뭄에 쓰지도 못하겠네..
89,89,650978afe0993aa0485ff638,Google 사용자,"권의사항 헬스장 운동복, 락커 같은경우 다짐에는 월5000원이라고써있는데 일부러 가격올린건지 장난치는건지 계약서에는 월 10000원이라네요 장난치는곳있는거같으니까 회원권구매할때 확실하게 옵션으로 선택넣어주는게 좋을거같네요^^ 호구되는기분이라 찝찝하네요^^ 사기꾼들 절.대.태.보.해 쨉.원.투"
90,90,650978afe0993aa0485ff639,Google 사용자,운동알아볼때 최곱니다 더 번창해서 시설도더 늘려주세요
91,91,650978afe0993aa0485ff63a,유림,"진짜 좋아요. 골프장이 1년에 140만원인데 골프장,요가,필라테스 다하는데 골프장비용140만원에 몇만원만 더 내면 요가랑 필라테스까지 1년동안 할수있네요. 이런 어플이 있다는게 너무 좋아요. 하지만 가까운 동네에 등록되어있는 시설은 한정되어있기때문에 요가랑 필라테스는 거리가 좀 있어서 차타고 이동해야합니다 ^^그래도 매우만족합니다. 원주에 부모님이 계시는데 원주같은 지방에도 다짐이랑 제휴 운동시설이 많이 생겼음좋겠어요"
92,92,650978afe0993aa0485ff63b,정성희,가격도 저렴하고 앱 자체가 가독성이 좋음
93,93,650978afe0993aa0485ff63c,Google 사용자,좋은앱인거 같은데 아직 포항 촌구디기에는 등록된 시설이 없네요
94,94,650978afe0993aa0485ff63d,SUGAR POP,앱깔기만 하고 로그인도 안했는데 자기들 마음대로 푸시 광고 넣길래 바로 삭제함 나같은 사람이 한둘이 아닐텐데 멍청한 운영때문에 많이들 삭제하실듯 참고로 비로그인 유저는 푸시 설정도 못함 무조건 받아야 함
95,95,650978afe0993aa0485ff63e,유예삐야예삐,이어플넘좋네여ㅎ궁금한게 두개센터 고르면 많이싸지는데 이거 다짐쪽에서 내주는건가여?넘싸져서 궁금해여ㅋㅋㅋ
96,96,650978afe0993aa0485ff63f,나링나링,통합회원권 너무 잘 사용하고 있어요! 번창하세요 진심으루ㅎㅎ
97,97,650978afe0993aa0485ff640,Google 사용자,운동 종목? 분야? 별로 나눠서 볼수 있는 기능이 있었으면 좋겠어요
98,98,650978afe0993aa0485ff641,양수연,시설이 등록해야 뜨는 시스템인가보네요. 우리동네는 그 많은 헬스장 중에 하나 떠요...
99,99,650978afe0993aa0485ff642,김상훈,시설등록 요청을 한지 한참이 됐는데 아직까지 소식이 없네요. 안됐으면 안됐다고 연락이라도 왔으면 좋겠는데.
100,100,650978afe0993aa0485ff643,Google 사용자,새해에 운동알아보다가 우연히 찾았는데 왜 이제알았나싶네요 네이밍센스도 정말 끝내주는거같아요
101,101,650978afe0993aa0485ff644,Google 사용자,시설 안내 및 가격 위치까지 쌤들 정보도 공유되있어서 고를때 편하고 좋았어요
102,102,650978afe0993aa0485ff645,이원우,꾸준히 써와서 익숙하고 운동시설 비교가 좋음
103,103,650978afe0993aa0485ff646,Wonhee Lee,대박 가격이 속시원하게 나와있어서 너무 좋음
104,104,650978afe0993aa0485ff647,Google 사용자,주변 센터 정보 볼 수 있어서 좋습니다
105,105,650978afe0993aa0485ff648,김윤태,결제를 진행하려 해도 네트워크 오류라면서 안됨
106,106,650978afe0993aa0485ff649,Google 사용자,주변 시설 알아보기 좋고 추천합니다!
107,107,650978afe0993aa0485ff64a,김성호,저희 동내에는 헬스장이 한군데도 안떠서 옆동네꺼만 뜨네요 네이버에 검색하면 많이나오는데
108,108,650978afe0993aa0485ff64b,Google 사용자,아니 이메일로 가입할려고 하면 인증번호 단계에서 왜 다시 계정정보 입력창으로 이동하나요 가입하지말라는 건가요?
109,109,650978afe0993aa0485ff64c,간재혁,계속해서 네트워크 오류가떠서 이용하기힘듭니다
110,110,650978afe0993aa0485ff64d,Google 사용자,아직 결제하지는않았지만 높은할인율로 결제할수있다니 차별만당하지않는다면 좋은앱이네요
111,111,650978afe0993aa0485ff64e,Google 사용자,다양한 운동을 도전할수있는 기회의 창입니다
112,112,650978afe0993aa0485ff64f,이혜림,무통장입금이 왜 안되는지 모르겠네요? 현금영수증하는 번호와 제 번호가 달라서 인가요? 국민카드로 1000원 할인되길래 할인받고 거기서 했어요~
113,113,650978afe0993aa0485ff650,줌마란다,저렴하게 헬스장을 이용할 수 있어 좋네요
114,114,650978afe0993aa0485ff651,WONSSUN_원썬,다짐어플로 헬스장 더 저렴하게 다닐 수 있어서 좋아요! 막상 가서 상담받기도 부담스러운데 어플로가격 바로보이고 헬스말고 요가.크로스핏도 있어서 다양한운동 하고싶은분들 추천드립니다ㅎ
115,115,650978afe0993aa0485ff652,Google 사용자,제대로 운동하려면 무조건 쓰는게 개이득임
116,116,650978afe0993aa0485ff653,유잉여,핸드폰 인증번호가 안와서 쓸수가 없네요 메일문의까지 했는데 답변도 안오고
117,117,650978afe0993aa0485ff654,김동호,동네 헬스장 많은데 몇 개만 지원을 하니 쓸모가 없는 앱ㅋ
118,118,650978afe0993aa0485ff655,Google 사용자,네트워크 오류라면서 안되네요‥ 서버문제인가‥
119,119,650978afe0993aa0485ff656,Neighbor,앱 오류가.. 튕기고 접속 안되고..
120,120,650978afe0993aa0485ff657,오레오,등록된 시설이 너무 없음... 너무 먼 곳은 걸러줘야하는데 데이터 자체가 적어 다 노출시키는가본데... 동네에 피트니스랑 요가원 널려서 경쟁 피튀기는데 이 앱엔 누락된 곳이 너무 많고 가격도 우주?세일가라기엔 그닥 싸지도 않음ㅠ 서울에 줌바 검색했더니 마산나오는거 보고 신뢰도 급락해서 삭제합니다.. 운동시설앱 탈을 쓴 다이어트식 판매앱...
121,121,650978afe0993aa0485ff658,오승현,사진이 너무 흐려져 있어요...
122,122,650978afe0993aa0485ff659,Google 사용자,운동할 수 있는 시설을 한눈에 보니 좋네요^^
123,123,650978afe0993aa0485ff65a,Minsu Kim,사용해보니 편리하고 좋네요 개발자님들 고생하셨습니다
124,124,650978afe0993aa0485ff65b,Google 사용자,집앞 헬스장 구하려고 깔았습니다! 집에서도 회원권 끊을 수 있어서 좋았어요~
125,125,650978afe0993aa0485ff65c,Google 사용자,일일회원권 같은것도 있으면좋겠네요 제가 못찾은건가 ;;;
126,126,650978afe0993aa0485ff65d,하태훈,진짜 좋은거같습니다 현장결제보다 싸고 좋아요!
127,127,650978afe0993aa0485ff65e,노승진,직장 다니는중 운동 시작했는데 좋네요!
128,128,650978afe0993aa0485ff65f,소병준,다짐 앱 해외에서는 사용이 안되는건지..
129,129,650978afe0993aa0485ff660,Cheol Kyun An,직장다니면서 사용하기 좋음.
130,130,650978afe0993aa0485ff661,Joon Kim,가격도 저렴하고 좋아요ㅎ
131,131,650978afe0993aa0485ff662,ᄋᄋᄋ,가입하려는데 인증문자가 계속안옵니다
132,132,650978afe0993aa0485ff663,Google 사용자,앱은 훌륭하지만 저의 동네인 양주시 백석읍 근처에는 아예없네요 ㅠㅠ 아쉽습니다
133,133,650978afe0993aa0485ff664,Google 사용자,네트워크 오류로 아무것도 안됨
134,134,650978afe0993aa0485ff665,Google 사용자,지도 확대하면 체육관 위치가 어딘지 모르겠어요
135,135,650978afe0993aa0485ff666,Google 사용자,너무 사용하고 싶은데 광운대학교 주변에 제휴 많이 해주세요 ㅠㅠ
136,136,650978afe0993aa0485ff667,do gi,바로 집앞에 있는 헬스 체인점도 등록 안되어 있음
137,137,650978afe0993aa0485ff668,Google 사용자,완전 할인 받고 등록했어요 다짐.최고
138,138,650978afe0993aa0485ff669,스탕,좋아요 운동 여러가지 잘 이용중입니다
139,139,650978afe0993aa0485ff66a,Google 사용자,광고와 다르게 해당 피트니스가 안나옴
140,140,650978afe0993aa0485ff66b,Google 사용자,지역차별인지 주변에 헬스장이 하나도 안 나오네요
141,141,650978afe0993aa0485ff66c,Google 사용자,지금 업뎃후로 오류나서 출첵못찍고있는데 언제 고치나요?
142,142,650978afe0993aa0485ff66d,younjae1212,헬스장 여러곳 갈수 있어좋아요
143,143,650978afe0993aa0485ff66e,SUJIN KIM,다짐에서 회원권 끊으면 관리 넘 쉬워서 조아용💙
144,144,650978afe0993aa0485ff66f,Google 사용자,그동안 살이 정말 많이 쪘습니다 올해는 저도 새해다짐 성공할 수 있을까요..?
145,145,650978afe0993aa0485ff670,Google 사용자,아직 가맹점? 이 부족한 것 만 아쉬워요
146,146,650978afe0993aa0485ff671,김성호,편리하고 좋아요
147,147,650978afe0993aa0485ff672,김시훈,깡촌이라고 주변에 헬스장이 하나도 안나오네. 65KM떨어진 헬스장 추천하는건 ㄹㅇ;; 뛰어가는게 헬스겠다
148,148,650978afe0993aa0485ff673,Hyung-ho Byun,알림을 거의 사이버 폭력 수준으로 보냄
149,149,650978afe0993aa0485ff674,beomcheol Kwon,문의하니 다짐앱을 통해서 통합회원권을하면 직접 방문해서 등록하는거와 차이가 있다고 대놓고 얘기하네요. 통합회원권을 못믿겠습니다. 아예 자기들 방문 상담하라고 얘기하네요. 꼭 다른분들도 확인하시길 바랍니다.
150,150,650978afe0993aa0485ff675,Google 사용자,네트워크 오류로 아무것도 안되네요..
151,151,650978afe0993aa0485ff676,황인선,일단 회원권을 싸게삿습니다 전화문의햇을때보다요
152,152,650978afe0993aa0485ff677,최희원0623,앱은 좋은디 저희집 근처 헬스장 리뷰에 아무도 답변이 없어서 웃픕니다 흑
153,153,650978afe0993aa0485ff678,종삼팍바보,로그인 할려는데 자꾸 네트워크 오류라고 뜨네요
154,154,650978afe0993aa0485ff679,Google 사용자,싸게 잘 등록했어요 좋아요!
155,155,650978afe0993aa0485ff67a,상시,정말유용하고 좋은어플인거 같아요^_^
156,156,650978afe0993aa0485ff67b,최웅달,오늘 운동 끊었습니다. 사용은 아직 안했어요.
157,157,650978afe0993aa0485ff67c,Google 사용자,오늘 말왕님보고 깔았는데 제 지역은 별로없어요ㅠ 부산 대연동 많이 넣어주시면 감사하겠습니다!!!
158,158,650978afe0993aa0485ff67d,코리아남바완,회원권 만료되서 결제할려는데 웹이랑 앱 둘다 먹통되고 고객센터는 아침이라 전화도 안받고 1시간동안 헬스장에서 기다림 서비스 개별로임
159,159,650978afe0993aa0485ff67e,Man Grotesque (괴인),어플에 표시된 가격이 할인된 가격이 아니고 원래 정가가 그 가격인데 할인된 가격이라고 표시하고 있음. 명백한 사기임
160,160,650978afe0993aa0485ff67f,Google 사용자,자기동네에운동시설별로안올라옴서울지역으로 한정되어있는듯
161,161,650978afe0993aa0485ff680,ideal flower,결제할려고 가입하면 가격이 올라가는 사기 어플
162,162,650978afe0993aa0485ff681,Google 사용자,편리해서 좋네요
163,163,650978afe0993aa0485ff682,강민재,동네 헬스장 견적좀 볼라고했더만 하나도 안나오네요
164,164,650978afe0993aa0485ff683,Google 사용자,죠은 아이디어인데.. 제 집 근처는 없어서 다음기회에 쓰는거로 ㅠㅠ
165,165,650978afe0993aa0485ff684,Google 사용자,여러운동하기 좋네여
166,166,650978afe0993aa0485ff685,임솔,간편하고 좋음~~#
167,167,650978afe0993aa0485ff686,허원학,아예 검색되는 시설이 없네요
168,168,650978afe0993aa0485ff687,심기웅,춘천은 등록된업체가 없네요...
169,169,650978afe0993aa0485ff688,우성호,"PT의 경우 1개월권(10회) 라고 되어있으면 보통 1개월동안 운동할 수 있겠구나 생각할까요? 아니면 10회를 받을 수 있겠구나? 생각할까요? 제 상식에서는 후자가 맞는 거 같은데, 그리고 해당 pt샵에서도 3개월권 구매를 30회 세션으로 잡고 운동하고 있었는데, 3개월 지났다고 회원권 못쓴다고 하면 남은 횟수는 그냥 증발하고 땡인가요? 상담원과 통화해서 이부분이 약관으로 써있다고 하는데 결제창보니깐 그런 약관을 확인하기가 매우 어려웠고, PT샵에서도 죄송하다는 말밖에 안하고 참... PT샵이 휴뮤여서 운동 못한 것들까지 다 소비자 책임으로 돌려버리고 계속 이부분은 양해부탁드린다는 말만 앵무새 마냥 반복하는데 별로 양해하고 싶지 않네요. PT샵 비싸서 어플로 조금이라도 저렴하게 받으려는 사람들을 아주 그냥 호구로 만들어버리네요."
170,170,650978afe0993aa0485ff689,RIDER Y,헬스장편하게 찾았내요
171,171,650978afe0993aa0485ff68a,Google 사용자,고객센터가 친절해서 좋았습니다
172,172,650978afe0993aa0485ff68b,Martin Can,사용할 수 있는곳도 적어서 아쉽네요..
173,173,650978afe0993aa0485ff68c,Google 사용자,앱실행이왜안되는거죠ㅡㅡ결제하고사용중인데갑자기앱이실행이안되요
174,174,650978afe0993aa0485ff68d,차성진,너무 편하고 좋아요
175,175,650978afe0993aa0485ff68e,Google 사용자,말왕TV에서 말한 30만원 할인 아직도 적용되는건가요?
176,176,650978afe0993aa0485ff68f,sangwon lee,너무편하고 좋아요
177,177,650978afe0993aa0485ff690,아몽AMONG,너무 유용한 앱이네요
178,178,650978afe0993aa0485ff691,장기석,차라리 네이버에 근처 복싱장 치는게 많이나옴ㅋㅋㅋ
179,179,650978afe0993aa0485ff692,Aiden,"월 5만원 이라고 표기되어있어서 상세보기 누르면 12개월 55만원 결제시 월 약 5만원 꼴인거고 정작 1개월은 10만원인데, 처음부터 1개월 얼마 라고 포시되면 좋겠네요"
180,180,650978afe0993aa0485ff693,Google 사용자,저렴하게 이용할 수 있어서 좋습니다.
181,181,650978afe0993aa0485ff694,Google 사용자,운동경험 최상!
182,182,650978afe0993aa0485ff695,Google 사용자,일일권 추가는 계획없나요? tlx사용중인데 tlx는 망하기직전같아서 넘어가고싶른데 일일권가능한 어플이없네여 ㅜ
183,183,650978afe0993aa0485ff696,박영길,"좋아요! 알아보기편했어요,"
184,184,650978afe0993aa0485ff697,Ss S,마이다짐탭누르면 자꾸 어플이꺼지는데 빨리 해결해주세요
185,185,650978afe0993aa0485ff698,Google 사용자,최저가 확실함 더 유명해질필요있음
186,186,650978afe0993aa0485ff699,Google 사용자,대전에서 주변 검색하니까 최소 경기도만 나오네요 뭐지??
187,187,650978afe0993aa0485ff69a,Shin Miyeon,덕분에 헬스장잘구했어요:):)
188,188,650978afe0993aa0485ff69b,Google 사용자,좋아요! 열심히 해보고싶어요^-^
189,189,650978afe0993aa0485ff69c,DooDoo kim,예약시스템인가요?센터서사용비용이어케되나요
190,190,650978afe0993aa0485ff69d,정진호,집근처 제휴가 없음 근처 수십개 헬스정이있는데 어이가없음
191,191,650978afe0993aa0485ff69e,황인숙,유튜브광고보고 깔았는데 가격오픈된게 레알최고임 직접 센터가서 시설이랑 샤워실 안봐도 사진많아서 사진으로 충분함 개편함 ㅋㅋ
192,192,650978afe0993aa0485ff69f,Google 사용자,5.15 앱업데이트 후 실행이 안되요.
193,193,650978afe0993aa0485ff6a0,전성준,앱이 좀 복잡하네요
194,194,650978afe0993aa0485ff6a1,Google 사용자,무난하게 사용가능하다
195,195,650978afe0993aa0485ff6a2,Google 사용자,생활에 꼭 필요한것 같습니다ㅋㅋㅋ
196,196,650978afe0993aa0485ff6a3,Google 사용자,너무조어야진쩌
197,197,650978afe0993aa0485ff6a4,YL NOH,주변헬스장 몇개없음
198,198,650978afe0993aa0485ff6a5,newbebebe new,체육관이 별루 없네요
199,199,650978afe0993aa0485ff6a6,ASPARA,위치 지정 안됨.
200,200,650978afe0993aa0485ff6a7,석버리,너무 편해요!!
201,201,650978afe0993aa0485ff6a8,Google 사용자,이름 잘 지었네
202,202,650978afe0993aa0485ff6a9,Google 사용자,넘펼리하구좋아요
203,203,650978afe0993aa0485ff6aa,구명 진,지방이라 그런가 5km안에 하나도 안나오내요 제가아는거만 5km면 수십곳인대 지역은 경남 창원시 성산구 신월동입니다
204,204,650978afe0993aa0485ff6ab,Shinjung Oh,많은 정보 굳룯
205,205,650978afe0993aa0485ff6ac,KEYCAKEPLUS 5,아주 편해요
206,206,650978afe0993aa0485ff6ad,희진,계속 오류가 있습니다
207,207,650978afe0993aa0485ff6ae,Google 사용자,헬스장별로없음
208,208,650978afe0993aa0485ff6af,김세원,등록된곳이 없음
209,209,650978afe0993aa0485ff6b0,Google 사용자,매우유용함
210,210,650978afe0993aa0485ff6b1,윤영덕,개별로네요
211,211,650978afe0993aa0485ff6b2,chansun1 lee,이용시설 리뷰를 마음대로 조작하는 사이트네요 안좋은 의견 달면 삭제됩니다
212,212,650978afe0993aa0485ff6b3,under thu,굿 잘나와있음
213,213,650978afe0993aa0485ff6b4,강민석,광주광역시 헬스장도 많이늘려주세요.
214,214,650978afe0993aa0485ff6b5,Google 사용자,신청은 어디서 어떻게 하는건가요!?
215,215,650978afe0993aa0485ff6b6,JOHN BUZZ,아침에는 서버닫나요?
216,216,650978afe0993aa0485ff6b7,Google 사용자,이제 시작해보려 합니다!!
217,217,650978afe0993aa0485ff6b8,김동현,다운로드가 안돼요
218,218,650978afe0993aa0485ff6b9,서상희,너무좋아요!!!
219,219,650978afe0993aa0485ff6ba,Google 사용자,왜 결제가 안되죠?
220,220,650978afe0993aa0485ff6bb,GeumHyo NamGung,짱좋은듯 ㅋㅋㅋ
221,221,650978afe0993aa0485ff6bc,Google 사용자,탈퇴는 어떻게 해야하나요??
222,222,650978afe0993aa0485ff6bd,HeeSung Park,친구코드 적어주실분?
223,223,650978afe0993aa0485ff6be,목진욱,믿고 써볼게요
224,224,650978afe0993aa0485ff6bf,Google 사용자,젊은사람들이 열심이네요
225,225,650978afe0993aa0485ff6c0,Google 사용자,괜찮은거같아요
226,226,650978afe0993aa0485ff6c1,한동호,정말 좋습니다
227,227,650978afe0993aa0485ff6c2,이윤포,좋슴
228,228,650978afe0993aa0485ff6c3,한상욱,디ㅣㄴㅈㆍ
229,229,650978afe0993aa0485ff6c4,hun 777,ㅣㅣ핖
230,230,650978afe0993aa0485ff6c5,문영수,좋습니다
231,231,650978afe0993aa0485ff6c6,이삭(ISAAC),짐 부족
232,232,650978afe0993aa0485ff6c7,이지원,만족합니다
233,233,650978afe0993aa0485ff6c8,최승일,굿
234,234,650978afe0993aa0485ff6c9,건임,유용함
235,235,650978afe0993aa0485ff6ca,Yoon (azu),대박
236,236,650978afe0993aa0485ff6cb,노승민,좋아요
237,237,650978afe0993aa0485ff6cc,Sawqer Boxing,좋음
238,238,650978afe0993aa0485ff6cd,이정현,굿
239,239,650978afe0993aa0485ff6ce,최성남,good
240,240,650978afe0993aa0485ff6cf,서미카,정말 편합니다. 지방에서도 편하게 쓸 수 있게 연계됐으면 좋겠어요.
241,241,650978afe0993aa0485ff6d0,남상혁,좋아요
242,242,650978afe0993aa0485ff6d1,Google 사용자,좋아요
243,243,650978afe0993aa0485ff6d2,Google 사용자,제주도없음
244,244,650978afe0993aa0485ff6d3,Google 사용자,좋아요오
245,245,650978afe0993aa0485ff6d4,Google 사용자,bb
246,246,650978afe0993aa0485ff6d5,Google 사용자,굿
247,247,650978afe0993aa0485ff6d6,Google 사용자,잘쓰고있습니다
248,248,650978afe0993aa0485ff6d7,Google 사용자,대도시만 나와있지 지방 지역은 나오지도 않습니다. 서울이나 인천 부산 같이 대도시에 사시는 분만 쓰시기를 추천합니다. 중소도시 지방에 사시는 분들은 효과를 못 볼 것 같네요.
249,249,650978afe0993aa0485ff6d8,Google 사용자,광주지역 5월에 적용한다했으면서 8월 29일 왜 아직까지 없나요??
250,250,650978afe0993aa0485ff6d9,Google 사용자,저한테는 아직 무쓸모네요. 주변에 한군데도 없음...ㅠㅠ
251,251,650978afe0993aa0485ff6da,Google 사용자,나이스한어플!
252,252,650978afe0993aa0485ff6db,Google 사용자,아직 까지는 대전 지역 주변 헬스장이 등록이 안되었는데 빨리 되면 좋겠어요 ..ㅠㅠ 제가 신규 등록 문의하기가 어려워서 대전 지역헬스장이 되서 다짐 어플을 사용할수 있으면 좋겠네요 ㅠㅠ
253,253,650978afe0993aa0485ff6dc,Google 사용자,말형 믿고 간다 하이바~~~
254,254,650978afe0993aa0485ff6dd,Google 사용자,내근처 헬스장이 젤가까운게 50km야 엌ㅋㅋ
255,255,650978afe0993aa0485ff6de,Google 사용자,이거 결제하려는데 휴대폰 인증 번호를 아무리 보내도 문자가안와여ㅜㅠㅜ 어케하낭ㅆ
256,256,650978afe0993aa0485ff6df,Google 사용자,광주는 언제쯤 나올까용ㅠ
257,257,650978afe0993aa0485ff6e0,Google 사용자,내근처 치는데 최소 30km이상이네
258,258,650978afe0993aa0485ff6e1,Google 사용자,일요일에 오픈하는 헬스장을 검색할 수 있게 해주세요
259,259,650978afe0993aa0485ff6e2,Google 사용자,ㄱㄱㄷ학교화이팅-!-!
260,260,650978afe0993aa0485ff6e3,Google 사용자,흠.. 좀 성장하면 좋은 어플일거 같은데 지금은 경기도에 사는데도 집주변은 하나도 없다는게 좀.. 2년은 기다려야 할듯
261,261,650978afe0993aa0485ff6e4,Google 사용자,"이곳저곳 운동다니는 입장에서 제일 맘에 듬! 돈도 매달 20만원씩은 더 아끼고, 학교앞/집앞 원하는곳으로 골라다니니까 엄청 편함!! 게다가 트레이너분들이 다짐으로 왔다고 하면 되게 잘해주시고 다짐 이벤트도 많이 해서 짱짱 좋아요😄"
262,262,650978afe0993aa0485ff6e5,Google 사용자,정말 대단한앱 광주에서 검색햇는데 부산뜨네 194km가 가까운건진 첨알음 바로삭제^^
263,263,650978afe0993aa0485ff6e6,Google 사용자,이거 체육관이나 다른 짐들 다닐 때 인증은 어떻게 하나요?
264,264,650978afe0993aa0485ff6e7,Google 사용자,서울경기지역밖에 없는점이 아쉽네요 바로 지웠습니다
265,265,650978afe0993aa0485ff6e8,Google 사용자,갤럭시s7사용자입니다. 다짐 실행시 어플 초기화면 로고만 뜨고 진입 안됩니다
266,266,650978afe0993aa0485ff6e9,Google 사용자,여러곳의 운동 시설을 저렴한 가격에 함께 이용할 수 있다는 것이 가장 큰 장점인 것 같아요 !! 앞으로 더 알려져서 운동시설 갯수만 늘어난다면 훨씬 좋을 것 같아용 ㅎㅎ
267,267,650978afe0993aa0485ff6ea,Google 사용자,참 좋은 서비스! 앞으로 많이 번창하여 전국으로 커지길 바랍니다.
268,268,650978afe0993aa0485ff6eb,Google 사용자,디자인이 예쁘네요. 사용하기에 편리합니다.
269,269,650978afe0993aa0485ff6ec,Google 사용자,진짜 최악임 무슨 서울쪽 밖에없음 내위치에서 운동알아볼려고 해도 계속 경기도권만 뜸ㅡㅡ
270,270,650978afe0993aa0485ff6ed,Google 사용자,좋은정보 감사합니다
271,271,650978afe0993aa0485ff6ee,Google 사용자,일주일 전부터 이용하고 있긴 한데 두개 다닐때 할인적용이 어떻게 가능한건지 궁금하네요. 다니는 센터에서도 차별없이 잘 해주셔서 아직까지는 매우 만족하며 쓰고 있습니다 번창하세요
272,272,650978afe0993aa0485ff6ef,Google 사용자,다짐으로 회사 집 근처로 하나씩 헬스다니고 있습니다. 싸이클도 가능한 체육관이 있으면 더 좋겠네요~
273,273,650978afe0993aa0485ff6f0,Google 사용자,안그래도 주변 운동시설 알아보러 갈 시간없는분들용 앱 주변헬스장 정보잘나와있어서 바로 빠르게 다짐하고 운동으로 실천^^ 운동 망설이시는분들께 추천👍
274,274,650978afe0993aa0485ff6f1,Google 사용자,다짐어플 이용해서 필라테스 하나 헬스 하나 다니고 있는데 꽤 보람차네요 가격도 싸고 좋아요!!
275,275,650978afe0993aa0485ff6f2,Google 사용자,와...대박이네요~~세상에 이런 것도 있네..소비자 입장에선 완전 짱입니다.
276,276,650978afe0993aa0485ff6f3,Google 사용자,이거 괜찮네요 헬스말고도 여러가지 같이 다닐수있는게 좋은것같아요
277,277,650978afe0993aa0485ff6f4,Google 사용자,깔금하고 좋습니다 사진이 많아서 둘러보기좋아요
278,278,650978afe0993aa0485ff6f5,Google 사용자,UI도 깔끔하고 체육관 정보도 많고 좋네요!
279,279,650978afe0993aa0485ff6f6,Google 사용자,사진으로 미리 시설을 볼수있어서 참좋네요 👍👍
280,280,650978afe0993aa0485ff6f7,Google 사용자,하나에 가격으로 경제적임. 좋아요^^
281,281,650978afe0993aa0485ff6f8,Google 사용자,관련 앱 중에는 가장 편리해보이네요. 비슷한 앱을 이것까지 3개 정도 써봤는데 UI는 제일 깔끔한거같아요
282,282,650978afe0993aa0485ff6f9,Google 사용자,헬스 앱 중에 최고네요
283,283,650978afe0993aa0485ff6fa,Google 사용자,와 ㅋㅋㅋㅋㅋ 진짜 제가 찾던 앱임ㅋㅋㅋ 운동 여러개 하는게 좋은데 비싸서 고민됬었는데 ㅋㅋ 할인해주고 또 네이버에서 일일이 찾아가며 고를필요더 없이 그냥 여기서 보고 고르면됨ㅋㅋㅋ 사진도 되게 디테일하게 보여줘서 짱좋네여
284,284,650978afe0993aa0485ff6fb,Google 사용자,좋아요 잘쓰고 있습니다.^^
285,285,650978afe0993aa0485ff6fc,Google 사용자,"운동시설의 위치, 대략적인 분위기, 그리고 내 생활권 내에서 할인까지 받을 수 있어서 정말 좋은 것 같아요. 강추!"
286,286,650978afe0993aa0485ff6fd,Google 사용자,이용하기 좋네요
287,287,650978afe0993aa0485ff6fe,Google 사용자,직접가보지않아도 운동할 곳을 결정하는데 도움이많이되네요^^좋아요~
288,288,650978afe0993aa0485ff6ff,Google 사용자,디자인이 이용하기 쉽게 잘되어있어서 좋아요!
289,289,650978afe0993aa0485ff700,Google 사용자,친구가 열심히 일하는 모습을 보고 알게되었고 정말획기적인거 같습니다 더많은 GYM이랑 연결되고 발전되길 기원합니다
290,290,650978afe0993aa0485ff701,Google 사용자,할인폭도 크고 좋아요!! 디자인도 좋아서 이용하기 편리하네요 :^)
291,291,650978afe0993aa0485ff702,Google 사용자,두개 묶는거 신박함. 집이랑 직장에서 이용중ㅋㅋ 감사합니당
292,292,650978afe0993aa0485ff703,Google 사용자,다이어트 하다가 타지 생활하는데~ 두군데서 다 할수있으니 좋으네요
293,293,650978afe0993aa0485ff704,Google 사용자,피트니스를 다중으로 선택할 수 있는게 참신했어요! 회사 집 근처 두 곳 모두 저렴하게 이용가능한게 좋은거 같아요. 인천 지역도 추가 부탁드려요~
294,294,650978afe0993aa0485ff705,Google 사용자,아이디어가 좋네요 헬스 하려고 다짐만 하는 저에게는 여러모로 도움되는 앱입니다~
295,295,650978afe0993aa0485ff706,Google 사용자,깔끔하고 편해서 괜춘
296,296,650978afe0993aa0485ff707,Google 사용자,강북 지역 헬스장들도 추가되면 좋겠습니다.
297,297,650978afe0993aa0485ff708,Google 사용자,한눈에 확인하기 쉬워 좋습니다
298,298,650978afe0993aa0485ff709,Google 사용자,사진이 자세히 많이 있어서 참고하기 좋네요!
299,299,650978afe0993aa0485ff70a,Google 사용자,어플을 통해 헬스장 내부 사진들을 볼 수 있어서 헬스장 선택하기가 정말 편리하네요! 하지만 제가 사는 지역에는 아직 제휴점이 많이 없어 선택의 제한이 있다는게 다소 아쉽네요ㅠ 그래도 회사 근처에는 제휴점이 많이 있어서 평일에 퇴근하고 운동하기 정말 좋아요!!!!
300,300,650978afe0993aa0485ff70b,Google 사용자,참 좋은 서비스인데 안산은 없네요..ㅠ 시간이 지나 이용가능한 곳이 많아지길 기다려야겠습니다..
301,301,650978afe0993aa0485ff70c,Google 사용자,좋은어플인것같아요! 오늘부터 다짐합니다
302,302,650978afe0993aa0485ff70d,Google 사용자,바쁜 사람들 에게는 좋은정보네요 다짐 하고 운동시작합니당~
303,303,650978afe0993aa0485ff70e,Google 사용자,진짜 운동하는 사람들에게 진짜진짜 유용한 어플입니다!! 싸게할 수 있어서 너무 좋아요!! 만들어주셔서 감사합니다 ㅎㅎ
304,304,650978afe0993aa0485ff70f,Google 사용자,어디서 추천을 받고 다운을 받았다만 지역 모든곳에 있다기보다 몇몇 지역만 보여줘서 아쉽네요. 얼른 대구좀...
305,305,650978afe0993aa0485ff710,Google 사용자,수원 영통 지역도 부탁해요!ㅎㅎ
306,306,650978afe0993aa0485ff711,Google 사용자,"진짜 원했던 서비스... 잦은 이동으로 한 짐을 이용하기가 곤란했는데, 너무 좋네요 ㅎㅎㅎ"
307,307,650978afe0993aa0485ff712,Google 사용자,아이디어가 굿 전국확대 필요~
308,308,650978afe0993aa0485ff713,Google 사용자,사용은 안했지만 유투브 영상이 깔끔해서 별점 쏘고 갑니다~ㅋ 영상에 나오는 분 이쁘십니다~~~♥♥
309,309,650978afe0993aa0485ff714,Google 사용자,진심 진짜 진심 최고 의 헬스 앱이다♥♥♥♥♥♥♥♥♥♥♥♥♥ 계속 쓰고 있는데 이 앱 진쩌 래알 진짜 너무 최고네요!!!♥♥♥♥♥ 운영자님 어떻게 이런 친절한 앱을!!!! 운영자님 정말♥♥♥♥♥♥♥♥♥♥♥♥♥♥ 진심으로 정말 감사합니다♥♥♥ 그리고 답변 정말 감사합니다♥♥♥ 복 받으세요♥♥♥
310,310,650978afe0993aa0485ff715,Google 사용자,서울 경기 제외하고 검색되지 않음 비추
311,311,650978afe0993aa0485ff716,Google 사용자,구미에사는데 대구까지 가라는건가요? 하.. 어이가없네요
312,312,650978afe0993aa0485ff717,Google 사용자,편리하고 좋네요~
313,313,650978afe0993aa0485ff718,Google 사용자,진짜 최고의 앱입니다♥♥♥♥ 진짜 강추 합니다♥♥♥♥
314,314,650978afe0993aa0485ff719,Google 사용자,좋은것같아요 ㅎㅎ
315,315,650978afe0993aa0485ff71a,Google 사용자,좋습니다~!
316,316,650978afe0993aa0485ff71b,Google 사용자,진짜 이 앱은 진짜 진심 천사앱이다♥♥♥♥♥♥♥♥♥♥♥♥♥♥♥♥♥♥♥♥♥♥♥♥운영자님 사랑합니다!!!!♥♥♥♥♥♥
317,317,650a5b5a392d568ecf19fc7c,이소은,"우선 앱 자체가 편하고 UI도 깔끔하지만, 고객센터에서 정말 친절하고 빠르게 대응해주셔서 너무 만족스럽습니다. (제 경험상 앱 내 CS 처리가 잘 안되는 경우가 많았어서요) 원래 앱 리뷰 안다는데 처음 달 정도로 감동적이네요"
318,318,650a5b5a392d568ecf19fc7d,정도윤,거부한 권한이 없는데 왜 자꾸 권한을 허용해야된다는 거임? 설정 들어가서 오만잡거 다 항상 허용해놔도 실행도 못해봤네. 속터짐.
319,319,650a5b5a392d568ecf19fc7e,사람맞습니다,어플 권한 허용 다 했는데 계속 해달라고 뜨고 화면이 안 바뀜. 지우고 재설치해도 동일함.
320,320,650a5b5a392d568ecf19fc7f,썬,권한동의 다 했는데 계속 동의하라고 뜸. 어플에 들어가볼수가 없네요
321,321,650a5b5a392d568ecf19fc80,이광민,저번에도 헬스장 일일권 때문에 설치했다가 종종 이용하고 있었는데 이번에 헬스장 등록할 때 쿠폰으로 3만원 할인받았네요😄 헬스장 어플 여러가지 써본결과 니짐내짐이 제일 할인도 많이해주고 기능도 제일 좋은것 같아요👍👍
322,322,650a5b5a392d568ecf19fc81,조성국,피트니스관련 헬스 필라테스 요가 등 원하는 종목에 대해서 센터들을 어플 하나로 비교해보고 선택할수있다는 점이 너무 좋네요 센터에 직접 방문해보지않아도 소개된 사진들과 정보들로 충분히 알수있어서 좋구요 종종 하나의 센터에서도 결제 경로나 유입경로에 따라서 할인되는금액이 다른경우도 있던거 같은데 어플 통해서 이벤트가격이나 할인정보들을 받아볼수있어서 또한 좋은것같습니다 운동을 좋아하시는분들은 필수어플이라고 생각합니다ㅋㅋ
323,323,650a5b5a392d568ecf19fc82,정준호,니짐내짐을 초기부터 사용해왔던 사용자이며 현재는 제휴업체 관리자로 있습니다. 니짐내짐은 제가 사용해왔던 다른 공유플랫폼보다 소통에있어 원활하며 서비스개선을 위하여 끊임없이 노력하고 변화합니다. 항상 응원하고 있습니다. 감사합니다.
324,324,650a5b5a392d568ecf19fc83,Google 사용자,일이 있어서 헬스장에 못가게 되면 돈이 아까웠는데 간단한 방법으로 양도할 수 있고 또 다른 헬스장 가보고 싶을 때 저렴한 가격으로 이용 가능해서 좋아요 그리고 어플에 운동 항목별로 선택해서 검색되니까 원하는걸 찾기에도 편하네요!
325,325,650a5b5a392d568ecf19fc84,X,PT몇회에 얼마인지 정확히 알수가 없게 만들어놔서 눈탱이 맞기 딱 좋게 되어있습니다..
326,326,650a5b5a392d568ecf19fc85,Google 사용자,"설치 후 ' '니짐내짐이(가) 겨속 중단됨' 메세지가 뜨네요 스마트폰 기종은 G7입니다. 와이파이, LTE 전부 안돼요 --------------------------- 다시 재설치 해도 동일합니다. 짤툰 광고 보고 너무 필요한 어플이었는데 아쉽네요ㅜㅜ"
327,327,650a5b5a392d568ecf19fc86,Google 사용자,회원가입 폼 다 입력하고 확인 누르면 앱 다운되요. 반복해서 해봐도 그래요. 비번에 특수 문자 때문인가 싶어서 특수문자 빼도 그래요.
328,328,650a5b5a392d568ecf19fc87,Google 사용자,헬스장 주변에 일일이 돌아다니고 정보찾기 힘들었는데 이어플하나면 다되니까 신기하네요!! 그리고 조금생소하지만 이용권을 사고팔수있는기능 이거 헬스장 쉬더라도 위안이 될듯??ㅋㅋㅋ
329,329,650a5b5a392d568ecf19fc88,Google 사용자,여기저기 다닐 일이 많아서 사용해봤는데 정말 편리하네요 사업 잘되셔서 어디가서도 편리하게 이용하고 싶네요~ 번창하세요~
330,330,650a5b5a392d568ecf19fc89,김수현,헬스장 앱 중에서 제일 편한 앱입니다 잘사용하고 있어요 직접가서 결제하는 것보다 앱으로 하는게 마음 편한것 같아요
331,331,650a5b5a392d568ecf19fc8a,Google 사용자,헬스케어앱은 처음 접합니다. 이 앱을 이용하여 운동을 더 체계적으로 확실하게 할수있을꺼같습니다.
332,332,650a5b5a392d568ecf19fc8b,Google 사용자,1일권 엄청 싸네요. 근데 제휴시설좀 늘려주세요. 주변에 시설만 많으면 여기저기 이용할텐데 아쉽네요.
333,333,650a5b5a392d568ecf19fc8c,박찬진,주변 헬스장 할인정보. 쿠폰. 결제를 여기서 한번에 할 수 있어서 너무 편하네요! 다른 댓글들 인증번호 이런거는 카톡으로 오던데요?! 이런 어플이 많이 활성화되면 좋겠어요!
334,334,650a5b5a392d568ecf19fc8d,Google 사용자,업데이트 이후 부분적 개선이 되었네요 ^^ 아쉬운 점은 아직 제휴 체육관이 너무 적어요ㅠ 추가적으로 제휴체육관의 경우 일반등록과 동등 하거나 더 저렴한가요?
335,335,650a5b5a392d568ecf19fc8e,Google 사용자,저렴하게 타지역 센터를 이용할수있게끔 나와서 좋네요~! 다운받아놓고 다른지역갈때 사용해야겠어요!
336,336,650a5b5a392d568ecf19fc8f,Google 사용자,하루씩 저렴하게이용할수있어 좋네요. 더많은지역에서 이용할수있길바랍니다. 번창하세요!
337,337,650a5b5a392d568ecf19fc90,Google 사용자,저 같은 군인들이 휴가 나왔을때 딱 쓰기 좋습니다. 아이디어는 정말 좋으나 아직 지원안하는 지역이 대부분이라 조금 아쉽습니다.. 성신여대 쪽도 해주세요 ㅠㅠ
338,338,650a5b5a392d568ecf19fc91,오방떡집아들,반신반의 했는데 진짜 좋네요~ 세상편하구 가격도 할인받구 적극 추천합니다 단지 좀 많이 있었으면해요 번창하세요
339,339,650a5b5a392d568ecf19fc92,Google 사용자,이용 안하는 날 대여 상태로 해뒀습니다. 아무도 대여하지 않았음에도 불구하고 해당 헬스장에는 1일 대여권이 매진되어 있다고 나옵니다. 다른 사람이 대여할 수 없도록 되어있네요.
340,340,650a5b5a392d568ecf19fc93,Google 사용자,짤툰보고 설치해서 사용해봤는데 다니던 헬스장에 이용권을 앱으로 구매할 수 있어 너무 편하네요 ! 매우 만족^^*
341,341,650a5b5a392d568ecf19fc94,Google 사용자,야근 때문에 헬스장 회원권 끊기 부담스러웠는데 회사 일찍 끝날때 일회권으로 사용하기에 편리하고 좋네요!>< 지역도 더 넓혀주세용~ 직장인들 화이팅!!
342,342,650a5b5a392d568ecf19fc95,Cp Luna,가격이 확실히 크게는 차이 안나지만 타어플이나 현장가보다 만원이라도 저렴해서 너무 좋아요. 앞으로도 할인 많이 해주세요.
343,343,650a5b5a392d568ecf19fc96,Google 사용자,좋네요 유튜브서 짤툰보다 와봤는데 가장좋은건 가격정보가 제휴업체들 모두 등록되어있어 매우좋습니다 굳이 비교안해도 바로아니까요
344,344,650a5b5a392d568ecf19fc97,Google 사용자,아직 서울경기지역에서만 쓸 수 있어 아쉽지만 전국으로 퍼진다면 정말 유용하고 좋은 앱이 될 것 같습니다~
345,345,650a5b5a392d568ecf19fc98,장군,이동하는 일이 많아서 센터를 잘 못가는데 못가는 회원권은 빌려주고 또 저는 빌려 쓰고 너무 유용합니다.
346,346,650a5b5a392d568ecf19fc99,Google 사용자,회원권을 안쓰는 날에 팔고 다른 곳에 이동하는 날에도 운동을 할 수 있게 되어서 좋네요. 가능한 헬스장이 더욱 많아지기를 기대해봅니다!
347,347,650a5b5a392d568ecf19fc9a,Google 사용자,결제창에서 결제취소눌럿는데 환불이 안된것 같아서 문의드립니다. 결제취소 어떻게하는지 ... 여쭤봅니다
348,348,650a5b5a392d568ecf19fc9b,바이넌넌,헬스장정보보기도 편하고 이득볼수있는게 많네요 덕분에 현장가보다 싸게잘이용하고있습니다!
349,349,650a5b5a392d568ecf19fc9c,김경하,"결제가 카드밖에 안되니까 너무 불편해요 결제 한번 하려고 어플 한 3개 깔았네여! 카카오패이,네이버페이같은게 좀 됐으면 좋겠네요"
350,350,650a5b5a392d568ecf19fc9d,happy lee,공지사항이나 기간따로 안물어도되고 알림이 딱딱와주니까 편하고 좋음!!! 헬스장이용하면서 회원카드안써서 넘좋다
351,351,650a5b5a392d568ecf19fc9e,고혜지,로그인할려니까 계속 sns로 가입했대서 Sns로 로그인할랬더니 어플에는 sns로그인도 없고 회원가입도 안되고 짜증남ㅡㅡ 간편로그인이 어디있다는건지ㅡㅡ
352,352,650a5b5a392d568ecf19fc9f,Google 사용자,앱은 굉장히 마음에 드는데 저희 동네 헬스장이 없어요 ㅜㅜ 헬스장이 다 다른 시로 넘어가야 있어요...
353,353,650a5b5a392d568ecf19fca0,Google 사용자,실제로 사용해보니까 헬스장 1일 이용권 가격은 넘사벽으로 싼편이고 안나가는날 환급받는것도 쏠쏠함. 강남 살면 쓰기 좋은 앱인듯
354,354,650a5b5a392d568ecf19fca1,장지수,"운동기관마다 가격이 다 나와있어서 비교하기 좋고, 사용하기 편해요!!"
355,355,650a5b5a392d568ecf19fca2,Google 사용자,"가입할때 사진 넣으려니까 계속중지되는것도 글코, 서울말고는 쓸만하지않은거같네요 부산인데 하나도 되는곳없음"
356,356,650a5b5a392d568ecf19fca3,Kim뚜껑,위치 앱사용중에만 허용으로 했더니 Gps안된다며 암것도 안되고 계속 설정하라고 뜸. 빠이.
357,357,650a5b5a392d568ecf19fca4,박솔,첫번째엔 잘 결제되고 회원권도 바로 날아왔는데 오늘은 결제하고 회원권이 안날라와 난감하네요...결제내역엔있는데 회원권은 안뜨고..회원권을 메인창에띄우는 것 뿐만아니라 결제내역에서 회원권으로 연결되는 버튼이하나 더 있으면 좋겠어요. 주말이라 고객센터도 운영하지않고 퍽난감하네요
358,358,650a5b5a392d568ecf19fca5,Google 사용자,헬스장 회원권을 사고 판다는 생각은 못했었는데 정말 참신한 어플이에요! 인터페이스도 깔끔해서 보기 좋고 이제 헬스장에 못가는 날에 아까워할 필요가 없겠어요 ㅎㅎ
359,359,650a5b5a392d568ecf19fca6,Google 사용자,아주 좋은거같아요 수원다니는 학생인데 근처 헬스장 파악하기도 좋고 괜찮은듯
360,360,650a5b5a392d568ecf19fca7,김다혜,"네이버로이용하기 누르니 핸드폰인증하래서 번호입력, 이미가입된번호라고 로그인화면에서 네이버로이용하기 누르라고 무한반복중임 카톡로그인이라도 하려고하니까 또 핸드폰인증에서 이미 네이버로 가입된번호라고 뜨면서 먼저와 같은 안내 반복중이네요 어플 그냥 안쓸래요"
361,361,650a5b5a392d568ecf19fca8,ONEOKROCK 10969,이상한 공지가 많으면 하루에 10번 이상 와서 삭제합니다.
362,362,650a5b5a392d568ecf19fca9,ᄀᄀ,기능은 참 좋은것 같은데 서울 경기 쪽인데도 제휴업체가 너무 적은듯 하네요
363,363,650a5b5a392d568ecf19fcaa,Google 사용자,헬창이라 짤툰보고 왔는데 직장이 강남이고 집은 강변이라 저는 쓸만 하겠는데.. 제휴시설좀 많이 늘려주세요...갈곳이 많지는 않네요ㅜㅜ
364,364,650a5b5a392d568ecf19fcab,_ jjeong,문자 겁나 안오네 전화번호 제대로 입력했냐는 거지같은 질문은 하지마세요 몇번을 제대로 넣었는데 한번도 안오네
365,365,650a5b5a392d568ecf19fcac,lee doyoung,'오늘은 빌려주기' 기능은 '오늘'만 적용되어야 하지 않나요? 왜 그 다음날까지 지멋대로 빌려줘버리나요? 정말 이해가 되지 않는 이상한 설계네요. 잘못된 UX때문에 회원권 날리고 운동도 못했습니다.
366,366,650a5b5a392d568ecf19fcad,moon sun (conoon),뭐가 이렇게 느린지.. 입장 누르기까지 뭐가 계속 돌면서 너무 느림
367,367,650a5b5a392d568ecf19fcae,Google 사용자,지역 한정적이라 전국적으로 활성화 되었으면 좋겠어요~
368,368,650a5b5a392d568ecf19fcaf,taciturn red,처음 켰을때 바로 회원권 조회가 안되고 회원권 찾기를 누르면 저절로 종료가 됩니다. 결과적으로 두번 열어야 회원권이 뜨는데 이 부분 개선이 필요해보입니다
369,369,650a5b5a392d568ecf19fcb0,Google 사용자,소셜회원은 비밀번호찾기를 못한다는데 그럼 로그인 어케함. ? 어플을 왜 이따위로 만들어놨지 .. 이해불가;;^^
370,370,650a5b5a392d568ecf19fcb1,Google 사용자,오! 운동할 수 있는 날짜 조절이 가능한 피트니스 센터의 새로운 혁명같은 앱이네요!
371,371,650a5b5a392d568ecf19fcb2,Google 사용자,서울근교랑 부산지역에만 밀집되있어서 그외 지방에 산다면...아직을 쓸수가 없는 어플...대구는 있을줄알았는데ㅜㅜㅜ
372,372,650a5b5a392d568ecf19fcb3,감자,아니 무슨 휴대폰 인증조차 안되는 앱이 다있나요? 문자가 안와서 이용을 못하네 ㅋㅋㅋㅋㅋㅋㅋㅋ 별 1개도 아깝다 ㄹㅇ
373,373,650a5b5a392d568ecf19fcb4,Google 사용자,다 전화로 문의하라고만 뜨고 할수있는게 없네요. 빨리 상용화됐으면 좋겠습니다 의정부가 촌동네는 아닌데요;;
374,374,650a5b5a392d568ecf19fcb5,모모밀,인증번호가 오지 않아서 가입도 안 되고 실행할 수기 없어요
375,375,650a5b5a392d568ecf19fcb6,이세진,권한 다 허용했는데 무슨 권한을 자꾸 허용하라고 뜨는건지 ㅡㅡ 설치하자마자 바로 삭제함 앱이 시작이안되는구만
376,376,650a5b5a392d568ecf19fcb7,ᄋᄋ,취지는 좋은데 앱자체가 구형에다가 느려터지고 안좋음
377,377,650a5b5a392d568ecf19fcb8,라엘,휴대폰번호 입력했는데 본인인증 문자 아예 안오더라구요;; ㅡ 빼고입력했는데..
378,378,650a5b5a392d568ecf19fcb9,Google 사용자,아직 지방쪽까지는 상용화되지않았네요 지웁니다^^
379,379,650a5b5a392d568ecf19fcba,Google 사용자,사용하기 편리하고 돈도 벌 수 있어서 좋아요!
380,380,650a5b5a392d568ecf19fcbb,Google 사용자,튜토리얼 3번째 페이지로 넘어가기 전에 자꾸 꺼지네요
381,381,650a5b5a392d568ecf19fcbc,Google 사용자,하루권 싸서 너무 좋아요! 시설 많이 많이 해주세요!
382,382,650a5b5a392d568ecf19fcbd,이냐옹,뉴스보고 깔아봤는데 제휴업체가 거의없어 바로지웁니다.. * 제 지역이 분당으로 말씀하신 제휴가 집중된 경기지역중 일부입니다.. 이정도론 앱 컨셉상 많이부족합니다
383,383,650a5b5a392d568ecf19fcbe,Google 사용자,인근지역피트니스센터가등록도안되있구요제가다니는헬스장도꽤큰데없네요
384,384,650a5b5a392d568ecf19fcbf,Google 사용자,용산구 살고 생활하는 곳은 관악구인데 둘다 해당사항이 전혀 없네요. 회원 중인 헬스장 등록하려그래도 제휴 회원이 아니라고 해당 헬스장에 문의하라네요. 제가 문의를 하는게 아니고 신청을 하면 앱 운영자 분들이 문의를 해주시는게 당연한거 아닌가요? 제휴 운동 짐이 거의 없어서 규모가 커지기 전까진 쓸일 없을 것 같네요.
385,385,650a5b5a392d568ecf19fcc0,Google 사용자,전부 시설이용하려면 전화문의해야하네 빌릴수가없어
386,386,650a5b5a392d568ecf19fcc1,하대헌,로그인도안되고 시스템자체가 되게허접하네요
387,387,650a5b5a392d568ecf19fcc2,라균,사용자가 많은 곳에서 사용한다면 이득많이 보는거 같아요 오늘 못갈거 같을때 빌려주면 포인트 쌓고 그걸로 또 회원권 구매시 사용해서 돈좀 절약하고 있어요 ㅎㅎ
388,388,650a5b5a392d568ecf19fcc3,dogs red,결국 전화문의해야하는 원점으로의 여행어플
389,389,650a5b5a392d568ecf19fcc4,Google 사용자,서울위주네요.. 경기도는 아직 활성화가 안되어있어요
390,390,650a5b5a392d568ecf19fcc5,Google 사용자,완전 좋아요 헬스장 싸게 잘 다니고있어요!
391,391,650a5b5a392d568ecf19fcc6,Google 사용자,필요한 앱입니다... 유용하게 쓸 듯 하네요...^^ 이런앱이 왜 이제서야 나왔는지...
392,392,650a5b5a392d568ecf19fcc7,Google 사용자,출장갈때 이용못해서 아까워는데 이용권 양도된다니 회원권이 아깝지 않네요
393,393,650a5b5a392d568ecf19fcc8,박민지,휴대폰인증문자 안옴 즉 되는게 없어서 앱삭제
394,394,650a5b5a392d568ecf19fcc9,하공이,등록되있는 헬스장 찾기가 힘들어요
395,395,650a5b5a392d568ecf19fcca,이신애,최신 정보에 대한게 없네요.. 업뎃을 잘 안 하나봐요..
396,396,650a5b5a392d568ecf19fccb,Google 사용자,헬스장 못가는날 회원권 공유하면서 운동할 수 있으니까 좋네요~
397,397,650a5b5a392d568ecf19fccc,Google 사용자,환불해 주세요 금일 결제까지 하고 찾아갔는데 영업을 안하네요 명절에는 영업을 안한다는 안내 멘트를 해놓으시던지 공지를 해놓으셨어야 하는거 아닌가요 이거 뮈 아무런 정보도 없이 찾아갔다가 손해만 보고 왔어요 기본을 좀 지키셨으면 합니다
398,398,650a5b5a392d568ecf19fccd,Google 사용자,이거 왜 가입이안되여?ㅡㅡ 앱깔고 회원가입 눌렀는데 이미 사용중인 아이디이라고 뜨는데 아이디 쓰는 곳도 없는데 무슨아이디요? 혹시 몰라서 비밀번호 찾기 눌렀는데 가입정보 조회 없다그러고 무슨 이런 어플이 다있죠?
399,399,650a5b5a392d568ecf19fcce,Google 사용자,음.. 광주광역시도 있는줄알고 가입했는데 회원탈퇴도안되서 그냥 앱삭제만합니다..ㅎㅎ 다음업데이트땐 전국구 다되어서 만나면좋겠습니다. 니짐내짐 관리자여러분 다음엔 전국구로 해주십시오 감사합니다.
400,400,650a5b5a392d568ecf19fccf,박필선,편리하고 한운에보여좋다
401,401,650a5b5a392d568ecf19fcd0,이하나,할인이 많이 되서 좋아용
402,402,650a5b5a392d568ecf19fcd1,롸잇,비밀번호까먹어서 찾기하는데 SNS로 가입되었다고 SNS로그인하기 하라는데 SNS로그인 들어가면 회원가입 페이지만 뜸... 심지어 회원가입하려하면 이미 있는 휴대폰번호... 어쩌라는거?? 조치를 취해주십쇼좀... 로그인 못함 ㅠㅠ 조치받음 구우우웃!!
403,403,650a5b5a392d568ecf19fcd2,김현중,어플 덕에 편하게 운동합니다!
404,404,650a5b5a392d568ecf19fcd3,김정민,편리하고 자주씁니다
405,405,650a5b5a392d568ecf19fcd4,Google 사용자,안산인데 제휴업체가 없음.. 의도는좋으나 역시 업처입장에선 일일권파는게 이득인가봅니다
406,406,650a5b5a392d568ecf19fcd5,Lak,회원가입을 하려는데 번호가 맞는데도 인증번호가 발송이 안오네요...
407,407,650a5b5a392d568ecf19fcd6,박수민,헬스장 몇일 남았는지 확인할 수 있어서 좋은듯
408,408,650a5b5a392d568ecf19fcd7,Google 사용자,합리적으로 운동할수있어서 좋아요~~
409,409,650a5b5a392d568ecf19fcd8,Kid Music,헬스장하나 찾아보려고 별거다시키네 사진은 왜찍어? 얼탱이가 없네
410,410,650a5b5a392d568ecf19fcd9,이승훈,핸드폰 인증번호가 안와서 사용도 못하네요
411,411,650a5b5a392d568ecf19fcda,Eric,없어진 헬스장이 관리가 되지 않고 있습니다.
412,412,650a5b5a392d568ecf19fcdb,Google 사용자,가난한 자취생이 쓰기 좋은 앱인듯
413,413,650a5b5a392d568ecf19fcdc,Google 사용자,동탄쪽으로도 활성화 부탁드려요~!
414,414,650a5b5a392d568ecf19fcdd,Google 사용자,뭐야 회원권 공유 빌리는걸로 봤는데.그냥 헬스장 회원권 헬스장에서 사는거네 ㅋㅋㅋㅋㅋㅋ 뭐가 달러 광고랑 다르네 이래서 광고는 믿을게 못된다
415,415,650a5b5a392d568ecf19fcde,조준석,회원권 1일 빌리는 기능이 대부분 없어요^^
416,416,650a5b5a392d568ecf19fcdf,Google 사용자,제가 사는곳은 헬스장 아예 뜨지도 않네여 ㅠㅠ 꽤 대도시살고잇는데 아직 정보가 없다니 아쉽네여
417,417,650a5b5a392d568ecf19fce0,정민석,아주 유용하게 쓰고 있습니다! 개꿀! 앙앙!
418,418,650a5b5a392d568ecf19fce1,몰라,동네 헬스장 그렇게 많은데 1개도 안뜨네요
419,419,650a5b5a392d568ecf19fce2,ho re,....다 허용했는데도. 뭘 자꾸 허용하라는 창만 뜨는건지
420,420,650a5b5a392d568ecf19fce3,임재우,뭔 권한설정을 해도해도 권한설정을 하라고 해서 아예앱을 들어갈수도 없네요 ㅡㅡ
421,421,650a5b5a392d568ecf19fce4,Doryeong Park,쉬는곳은 회원권 비활성화해야되는것 아닌가요 결제 다해놓고 먼거리로 찾아갔더니 문이 닫혀있는데 쉬는날에 1일회원권 올려놓고 악용하는 사람한테 당한거같아 기분이 몹시 나쁘네요 후
422,422,650a5b5a392d568ecf19fce5,류선애,편리하고좋습니당
423,423,650a5b5a392d568ecf19fce6,쿠마,너무혜택이많아좋습니다
424,424,650a5b5a392d568ecf19fce7,jinhee nam,가격비교 보러 들어갔는데 다 전화상담이네요
425,425,650a5b5a392d568ecf19fce8,김민수,다른것보다 할인이 많이 되는게 제일 졸은 것 같습니다.
426,426,650a5b5a392d568ecf19fce9,상원,시설 이용권 있는 헬스장이 없어요 이거 무슨 헬스장 소개 앱인가요?
427,427,650a5b5a392d568ecf19fcea,ily da,본인인증 문자가 안와서 회원가입이 안되네요
428,428,650a5b5a392d568ecf19fceb,데일리루크Daily Luke,너무 편하고 좋아요
429,429,650a5b5a392d568ecf19fcec,김웅렬,최고예요 편리합니다!!!
430,430,650a5b5a392d568ecf19fced,됴리스,헬스어플들이 제휴체육관이 잘없음
431,431,650a5b5a392d568ecf19fcee,황정원,갑자기 이상한 공지 띄우네요 삭제합니다 ㅃ2
432,432,650a5b5a392d568ecf19fcef,김덕임,간편하고 조회나 헬스장정보가다양해서굿굿
433,433,650a5b5a392d568ecf19fcf0,Google 사용자,와...쓰다가 암걸릴뻔했다.. 후기도 못쓸뻔함
434,434,650a5b5a392d568ecf19fcf1,Pip Boy,제 리뷰가 삭제되어있네요~ 회원탈퇴 기능없어 고객센터 faq보니 카톡1:1문의 엽무시간에 보내서 수동 탈퇴하게 복잡하게 꼬아놓았더군요
435,435,650a5b5a392d568ecf19fcf2,김지인,옛날부터 사용하는중입니다ㅎ
436,436,650a5b5a392d568ecf19fcf3,Google 사용자,다른지역으로 출장대비 깔아봤는데 걍 그지역 헬스장 가서 하루이용금액 지불하는게 더 편할듯ㅋ 올라온 헬스장 하루 이용권은 전부 매진에 걍 헬스장 영업용 앱인듯 여긴 등록된 헬스장 비싼건 안비밀ㅋ
437,437,650a5b5a392d568ecf19fcf4,박영순,다른데는 카드로 찍는데 이어플로 ㄴㅏ의 회원정보조회가능해서 넘편리함ㅎㅎ 좋아여 니짐내짐 굿
438,438,650a5b5a392d568ecf19fcf5,Google 사용자,별 6개 주고싶은데....5개 줬다하고 +1 이요
439,439,650a5b5a392d568ecf19fcf6,이주연,제휴된 매장이 너무적어요
440,440,650a5b5a392d568ecf19fcf7,포도맛 그 사나이,결론 쓸모없음 왜 1일권이 항상 매진인지
441,441,650a5b5a392d568ecf19fcf8,Damian,안타깝지만 쓰레기어플...
442,442,650a5b5a392d568ecf19fcf9,엄장문,편하게 이용할 수 있어요.
443,443,650a5b5a392d568ecf19fcfa,알렉산더 (알렉산더),가입인증하기 나 돈투자좀하세요 인증문자도 불통 여러사람 증언
444,444,650a5b5a392d568ecf19fcfb,개월,잘이용중 ㅎ
445,445,650a5b5a392d568ecf19fcfc,전완근,지방은 정보가 좀 없네요
446,446,650a5b5a392d568ecf19fcfd,ттабан Ви,혹시 트레이너 정보는 어디서 볼 수 있을까요?🤗
447,447,650a5b5a392d568ecf19fcfe,M K,왜울동네근처는 다 전화문의임?
448,448,650a5b5a392d568ecf19fcff,Google 사용자,앱을 실행할 수 없어요
449,449,650a5b5a392d568ecf19fd00,Google 사용자,짤툰 앱보다 가입합니다
450,450,650a5b5a392d568ecf19fd01,기여쮸ᄋᄋ (shorterm tourist),인증확인안눌러짐 ㅡㅡ
451,451,650a5b5a392d568ecf19fd02,Google 사용자,니짐내짐으로 모든 헬스장 다녀보기!
452,452,650a5b5a392d568ecf19fd03,샌즈TV,짤툰 이번에 진짜 성공했다
453,453,650a5b5a392d568ecf19fd04,Google 사용자,짤툰 보고 설치 했는데 생각보다 괜찮음
454,454,650a5b5a392d568ecf19fd05,Google 사용자,쪼아쪼아쪼아 정말쪼아요
455,455,650a5b5a392d568ecf19fd06,aiden kim,95프로에서 설치가 안되요
456,456,650a5b5a392d568ecf19fd07,김지민,탈퇴가 번거로워요
457,457,650a5b5a392d568ecf19fd08,두둥,여기서 구매하는게 제일쌈!
458,458,650a5b5a392d568ecf19fd09,게임,1일권 여기가 제일 싼듯
459,459,650a5b5a392d568ecf19fd0a,JongUk Han,굳 좋어요
460,460,650a5b5a392d568ecf19fd0b,백지훈,좋아요 ㅎ
461,461,650a5b5a392d568ecf19fd0c,권태성,좋아요
462,462,650a5b5a392d568ecf19fd0d,응애,최고
463,463,650a5b5a392d568ecf19fd0e,jongkeun choi,굳
464,464,650a5b5a392d568ecf19fd0f,김성정,굳
465,465,650a5b5a392d568ecf19fd10,이문식,굳
466,466,650a5b5a392d568ecf19fd11,감자,좋어여
467,467,650a5b5a392d568ecf19fd12,달,좋음
468,468,650a5b5a392d568ecf19fd13,한결,조아용
469,469,650a5b5a392d568ecf19fd14,정열배,좋습니다
470,470,650a5b5a392d568ecf19fd15,임민상,너무 펺합니다
471,471,650a5b5a392d568ecf19fd16,Google 사용자,최고입니다!
472,472,650a5b5a392d568ecf19fd17,Google 사용자,좋음
473,473,650a5b5a392d568ecf19fd18,Google 사용자,굳
474,474,650a5b5a392d568ecf19fd19,Google 사용자,좋아요
475,475,650a5b5a392d568ecf19fd1a,오향남,굳굳
476,476,650a5b5a392d568ecf19fd1b,이기원,편합니다
477,477,650bafb47d81c17301201b9f,Google 사용자,평소에 피티에 관심을 가지고 알아보던중 직장 후배를 통해 알게되어 받게 됐는데 넘 만족스러웠어요~~ 일단 자세를 너무 정확하게 잡아주시더라구요~자세를 엄청 신경쓰시는것 같아요~~ 그리고 근육 쓰는 방법도 어떻게 써야 하는지 아주 디테일하게 알려주시드라구요~~그래서 쪼금씩 쪼금씩 하다보니 근력운동의 재미에 빠지게 되더라구요~ 앞으로 이 기회를 통해 계속적으로 받고 싶어요~~
478,478,650bafb47d81c17301201ba0,유연주,옛날에 저 가르쳐주셨던 PT쌤 있었는데 되게 잘 가르쳐주셨거든요 ㅠㅠ 올해 프로필 사진 찍고싶어서 다시 찾으려는데 헬스장 없어지고 핸드폰도 바꿔서ㅠㅠ 근데 여기서 지역검색으로 해서 찾았어요!! 대박!! 다행히 가까운 센터로 이직하셨더라구요. 바로 상담신청했는데 쌤도 저 기억하시고 ㅋㅋ 앱 덕에 운동 다시 잘 시작했어요 >_<
479,479,650bafb47d81c17301201ba1,겐세이마루상,"이런앱이 활성화될수록 노력하는 트레이너들이 더 좋은 평가를 받을 수 있는 환경이 만들어지는 것 같아요 :) 원랜 트레이너 자질이나 경력 상관없이 가격도 고정이고 그래서 불만도 많았는데, 이런 플랫폼을 통해 좋은 트레이너가 더 좋은 대우를 받을 수 있을 듯 하네요"
480,480,650bafb47d81c17301201ba2,Google 사용자,내가 항상 바라던 앱이 나왔네요. 피티찾을때 선생님찾기 어려웠는데 거리순으로도 볼수있고 지도로도 볼수있고 프로필도 자세하고 아주 마음에 듭니다.
481,481,650bafb47d81c17301201ba3,Google 사용자,진짜 필요한 서비스였는데.. 이렇게 시장경제에 나오면 여러 이점이 있을꺼라 생각해요! 검색 필터에 운동종목도 있었으면 해요. 필라테스 같이 하는 곳 찾고 싶은데 검색밖에 안돼서 애매해요. 나중에... 골프프로 찾는 섹션도 추가하면 어때요? ㅎ
482,482,650bafb47d81c17301201ba4,X,어플관리자분들 너무 친절하고 어플 너무 좋아요! 근데 후기많은 순이나 가격낮은 순대로 볼 수 있었으면 좋겠어요
483,483,650bafb47d81c17301201ba5,Google 사용자,여기저기 다니면서 피트니스에 직접 물어보지 않아도 되고 완전 편해요!! 덕분에 좋은 트레이너분 만났듯
484,484,650bafb47d81c17301201ba6,박세철,후기 작성 시 사진 추가하기를 하기 위해서 권한 설정이 필요하다고 나오는데 권한에 카메라 갤러리 허용하는 것 자체가 안나옵니다.. 어떤 문제인 걸까요?
485,485,650bafb47d81c17301201ba7,Hyeong Joon Joo (DragonRoad),오류에 대해서 빠른 피드백과 개발자분께서 직접 통화까지 할 정도로 친절하고 열정적으로 하신 모습 너무 좋았습니다. 앞으로도 더욱 성공하시고 대박 나세요!!
486,486,650bafb47d81c17301201ba8,Google 사용자,"트레이너에 대한 정보를, 앱으로 부담없고 편리하게 볼수 있어서 너무 좋네요. 이제 막 헬스장을 찾아보고 있는데, 큰 도움 될것 같아요!"
487,487,650bafb47d81c17301201ba9,Google 사용자,운동시작할려고 여기저기 알아보느라 힘들었는데 이런 어플이 있는지 몰랐네요 정말 강추합니다! PT 스튜디오도 가격정보가 추가되면 완벽할것 같아요.
488,488,650bafb47d81c17301201baa,구포,헬스장 정보도 나온다해서 깔았는데 해당내용은 없네요. 업데이트를 해서 해당기능이 삭제된거면 반영을 해주세요. 해당기능 없는 줄 알았으면 어플 안깔았습니다.
489,489,650bafb47d81c17301201bab,seong,"덕분에 합리적인 가격으로 PT 찾아서 잘 운동하고 있어요. 경력이 검증된 트레이너 선생님께서 친절하게 잘 지도해주셔서, 운동한지 한달 째인데 벌써 제 몸의 변화가 보여서 보람있네요. 헬스장 그냥 찾아가서 믿음안가는 트레이너한테 받아본적이 있는데, 그땐 정말 돈아깝고 후회되더라구요. 부디 많은 사람에게 알려지길 기원합니다~! D"
490,490,650bafb47d81c17301201bac,Google 사용자,코치들 프로필도 나와있어서 더욱 신뢰가 가네요! 가격도 나와있어서 매우 유용한 어플같아요
491,491,650bafb47d81c17301201bad,Google 사용자,헬스장 정보도 엄청 자세하고 좋아요! 얼른 트레이너가 더 많이 올라오면 좋겠네요~!
492,492,650bafb47d81c17301201bae,spus go,여기서 검색해서 PT 잘받고있습니다 그런데 업데이트후에 피트니스센터 정보는 다 사라져서 아쉽네요 ㅠ 다시 생기면 좋겠습니다
493,493,650bafb47d81c17301201baf,박주민,덕분에 합리적인 가격 &좋은쌤만나 업글중입니다. 저 수도권뿐아니라 저변의 확대를 통해 비수도권까지 아울러주세요!!
494,494,650bafb47d81c17301201bb0,최은석,피티 알아보기에 최고인것 같아요. 이어플 없었으면 어떻게 운동 시작했을지 막막하네요. 국민 피티 앱이에요 감사합니다!!ㅎㅎ
495,495,650bafb47d81c17301201bb1,Google 사용자,헬스장 정보에 가격이 있으면 정말 좋을 것 같아요! 주차 정보는 엄청 유용하네요ㅋㅋ
496,496,650bafb47d81c17301201bb2,Google 사용자,저희헬스장 운영에 많은 도움이됩니다. 좋은거 만들어주셔서 감사해서 이렇게 남겨봅니다. 번창사십시요.
497,497,650bafb47d81c17301201bb3,Google 사용자,피티 알아보다가 광고보고 깔았어요 괜찮네요! 트레이너 리스트가 더 많아지면 좋을 것 같아요
498,498,650bafb47d81c17301201bb4,Google 사용자,제가 찾던앱이예요ㅠㅠㅠ!! (크로스핏이나 스피닝센터도 같이 찾을 수 있도록 개선되면 더 좋을 것 같아요.♡)
499,499,650bafb47d81c17301201bb5,BE J,자격 및 경력 정보가 필수 입력값이 아닌가보네요? 안적은 트레이너분들이 꽤 있네요. 그거보려고 앱설치한건데
500,500,650bafb47d81c17301201bb6,장꾸.,ㅠㅠ 더 많은 트레이너 선생님들이 여기를 가입하셨으면 좋겠습니다. 피티 가격도 비싸고 긴 시간을 함께 봐야하는 선생님을 찾는건데 혼자 발품팔며 인터넷 서칭하는건 한계가 있더라구요 저 앱 평가는 처음 쓰는데 정말 도움되는 앱이라고 생각합니다.
501,501,650bafb47d81c17301201bb7,한승수,집 근처 헬스장이 없어서 아쉽지만 원하던 어플이네요 더 많은 트레이너분들이 들어왔으면 좋겠네요
502,502,650bafb47d81c17301201bb8,Google 사용자,주변에 피티나 헬스장 정보를 한번에 볼 수 있어 좋아요 근데 트레이너 사진들이 공공장소에서 보기엔 안좋은거 같아요
503,503,650bafb47d81c17301201bb9,공뉵,리뷰 볼 수 있어서 좋아용
504,504,650bafb47d81c17301201bba,왕냥펀치,업데이트하면서 피트니스 센터나 PT스튜디오로 해서 검색하는 기능이 싹 사라지고 그냥 PT강사님밖에 안나와있어서 불편함. 차라리 이전이 훨씬 나음. 심지어 헬스장 자체에 나온 가격도 사라짐
505,505,650bafb47d81c17301201bbb,이송,"피티가격도 다 나와있네요, 전에 전화로 가격 물어봤다가 기분나빳던적있는데ㅜ"
506,506,650bafb47d81c17301201bbc,이상엽,보기좋고 편리해서는 좋은데 다들 등록을 안하시는건가. 헬스장은많은데 PT등론된곳이 한두곳뿐..
507,507,650bafb47d81c17301201bbd,Google 사용자,사용이 편하고 리뷰를 쓰기위해 확인과정 필요한점 등...믿을 수있는 어플인듯요~
508,508,650bafb47d81c17301201bbe,EnGang Jo,어플 통해서 좋은 트레이너 만나 pt 받고 있습니다 자격사항하고 가격까지 알 수 있어서 좋네요
509,509,650bafb47d81c17301201bbf,냥이대롱,인스타 광고 자주 뜨길래 깔아봤는데 늦었지만 이번여름은 이걸로 피티 알아봐야겠네요
510,510,650bafb47d81c17301201bc0,JOHN good,"광고에 나오는 가격의 피티선생은 없음. 대부분 6만원 이상인데, 직접 가서 상담받으면 훨 저렴할듯. 첫 1회 2~3만원이면 그렇게 광고를 하셔야죠.."
511,511,650bafb47d81c17301201bc1,WON J,리뷰 많은 순이나 피티 가격 순으로도 검색할 수 있음 좋겠습니다.
512,512,650bafb47d81c17301201bc2,육상희,좋은 트레이너선생님 찾기에 좋아요~ 서로윈윈하는 앱이네요
513,513,650bafb47d81c17301201bc3,박경용,아주 편리하고 좋습니다. 하지만 아직 트레이너들이 많이 없네요ㅠㅠ
514,514,650bafb47d81c17301201bc4,Google 사용자,지방은 아직 정보가 많이 없네요 크게 번창하셔서 저희 지역에서도 유용하게 이용할수있길 기원합니다
515,515,650bafb47d81c17301201bc5,비오는날,광고 자주뜨길래 마침 피티 해볼차에 이번에 깔아봤어요 편하게 pt 알아볼 수 있어서 좋아요
516,516,650bafb47d81c17301201bc6,Google 사용자,이런 어플이 나와서 반가워요. 더 많은 정보 업뎃 기다릴게요. 잘 애용할듯^^
517,517,650bafb47d81c17301201bc7,Google 사용자,주변의 트레이너님들을 손쉽게 찾아볼수 있다니 너무 좋을거 같아요
518,518,650bafb47d81c17301201bc8,Google 사용자,꼭 제가 찾던 앱이네요 편리하고 쉽게 잘 찾을수있어서 좋아오
519,519,650bafb47d81c17301201bc9,범잡TV,다른곳과 달리 선생님들 검증이 제대로 되어있는 부분은 최고인 것 같아요~감사합니다
520,520,650bafb47d81c17301201bca,호용담,우리동네 피티 3군데 있는데 나오지도 않네요.. 설치하고 5분만에 지움
521,521,650bafb47d81c17301201bcb,Google 사용자,와 우리동네에 이렇게 좋은 PT샘이!! 이걸로 정말 좋은 PT쌤 찾아서 운동하고있어요!
522,522,650bafb47d81c17301201bcc,귤과홍시,이정도로 데이터가 빈곤하면 어플을 안만들어야하는거 요? 동네에 큰헬스장과 피티쌤이 몇명인데 아예 데이터가 없다고 나오네요 ㅋㅋ 주변동네 다돌아봐도 없다고 나와요~ 심각한듯...... 헬스장 비교목적인데 아예 조회조차 안돼요; 깔자마자 1분만에 삭제합니다
523,523,650bafb47d81c17301201bcd,Google 사용자,제가 찾던 앱이에요 트래이너쌤도 선택해서 볼수있고 너무 좋은 것 같아요 왕추천합니당
524,524,650bafb47d81c17301201bce,Google 사용자,코치님들 프로필보니 없던운동욕구도 생기네요!! 무료체험기회도 있어서 잘맞는 코치님 찾기에도 유용할것같아요!
525,525,650bafb47d81c17301201bcf,sun youn,가까운곳 센터와 트레이너쌤들을 쉽게 찾을 수 있어서 좋아요
526,526,650bafb47d81c17301201bd0,Google 사용자,가격과 운동복 유무료 등등 알 수 있어서 좋습니다
527,527,650bafb47d81c17301201bd1,Google 사용자,동네 피트니스 센터 쉽게 찾을수있어서 좋아요
528,528,650bafb47d81c17301201bd2,Google 사용자,앱 UI가 심플하고 쉽네요 기대됩니다!
529,529,650bafb47d81c17301201bd3,쓰리제로,"피티는 일단 내는 돈이 커서, 강제로 운동 하게대요…. 강제로 한번 시작을…."
530,530,650bafb47d81c17301201bd4,Google 사용자,저희집근처는 후미진 곳이라 안 나올줄 알았는데 나오더라고요! 유용한앱 같아요
531,531,650bafb47d81c17301201bd5,Google 사용자,이번에 이걸로 피티 네번째 받아보는데 이앱 진작 알았으면 좋았을텐데 ㅋㅋ 좋네요 헬스 PT쌤 잘만났음
532,532,650bafb47d81c17301201bd6,Google 사용자,잘 되있어서 완전 좋아요 계속 이용하고 싶네요
533,533,650bafb47d81c17301201bd7,Google 사용자,운동욕구가 생겨나게 해주면서 PT와 헬스장의 가격들을 합리적으로 고려해볼 수 있게 해주는 좋은 앱이네요. 널리 알려져서 우리동네에도 더 많은 트레이너와 헬스장의 정보가 알려졌음 좋겠어요
534,534,650bafb47d81c17301201bd8,Google 사용자,다른어플보면 자격없고 접촉해도 만족도가없었는데 좋습니당ㅎㅎ
535,535,650bafb47d81c17301201bd9,유호영,좋습니다가격비교도좋고검증된자격증도표시되서좋아요
536,536,650bafb47d81c17301201bda,정핑크,원래 리뷰 잘 안남기는데 짱좋음. 장마 끝나고 피티 시작해볼 계획.
537,537,650bafb47d81c17301201bdb,Google 사용자,지도로 헬스 찾기 편해요ㅋㅋ 그리고 메인사진에 트레이너님 이쁘시네요ㅎㅎㅎ 근데 난 남자라ㅋㅋ 남자트레이너좀 업데이트 해주세요.
538,538,650bafb47d81c17301201bdc,Google 사용자,다이어트 하려고 하는 사람한테 딱 필요한 앱이네요!! 헬스장과 PT 가격을 바로 알 수 있어 좋아요!!
539,539,650bafb47d81c17301201bdd,InHaeng Jung,경험없고 능력없는 초짜가 거짓이력 올리는걸 고를 수 있는 길이 없다 여러번 여러명 만나봤지만 쓸모있던 경험없음
540,540,650bafb47d81c17301201bde,Google 사용자,PT쌤 찾기 쉽다ㅋㅋㅋ 심플하네요 좋다
541,541,650bafb47d81c17301201bdf,이진석,데이터가 진짜 없네요 트레이너들 대상으로 홍보를 하지 않나요? 지방 대도시 살펴봤는데 부산 4명 창원1명 청주 1명 지방사람들은 뭐 없네요? 대학생들이 실습으로 만든 어플보다 데이터가 부족하지 않나 싶습니다..
542,542,650bafb47d81c17301201be0,김수광,트레이너들 사진만 봐도 운동 욕구가 뿜뿜한다 저 트레이너들에게 PT 받으면 나도 몸짱 될 수 있을것만 같다
543,543,650bafb47d81c17301201be1,데숑,트레이너들 다 잘생기고 이쁘네요 나도 운동하면…또륵
544,544,650bafb47d81c17301201be2,Google 사용자,주변에 트레이너가 누가있는지 알 수있어서 너무 편해요!!!
545,545,650bafb47d81c17301201be3,6yo han,"집 바로앞에만해도 2군데, 바로 옆동네에도 헬스장있는데 뜨는데가없네 ㄷㄷ..."
546,546,650bafb47d81c17301201be4,K현모,사용해 보니 편하고 좋아요 강추합니다.
547,547,650bafb47d81c17301201be5,한원석,예약시 일정도 함께 확인할 수 있으면 더 좋을 것 같습니다.
548,548,650bafb47d81c17301201be6,Google 사용자,생각보다 주변에 코치가 많네요.. 좋습니다
549,549,650bafb47d81c17301201be7,윤원종,바로 동네 선생님들을 경력사항 금액등 한눈에 볼 수 있어 너무좋았어요 ! 강추드립니다. 이런앱 개발자는 노벨근육상 줘야데!!!
550,550,650bafb47d81c17301201be8,행복이,앱 쓰기 간단하고 편해여
551,551,650bafb47d81c17301201be9,이건형,헬스장 가격도 전체 나오면 좋겠습니다
552,552,650bafb47d81c17301201bea,박영근,주변 헬스장 잘되있어서 좋네요~
553,553,650bafb47d81c17301201beb,patterson “Patreon” patron,관심목록에 찜한 코치가 상단3명 밖에 뜨지않는 현상 해결안됬나요
554,554,650bafb47d81c17301201bec,Google 사용자,다 좋은데 전북 지방이 별로 없네요. 익산이나 군산이나 그런곳이요.
555,555,650bafb47d81c17301201bed,미냥냥,마음에 드는 트레이너분들이 안계셨습니다.
556,556,650bafb47d81c17301201bee,최익준,"핏블리 유튜브 보고 왔어요. 트레이너 자격증을 미리 확인할 수 있는 점, PT 가격을 비교할 수 있는 점이 좋네요."
557,557,650bafb47d81c17301201bef,H쑤이,광주는 경기광주시말고 지역도 못보내요 다른 지방는 치니 다 나오는데 왜 송정역말곤 아무지역도 안뜨죠...? 헬스장 정보보려고했는데 리뷰들보니 제가 알던 그것도 아닌거같고ㅠ 데이터아깝네요
558,558,650bafb47d81c17301201bf0,Google 사용자,등록되어있는 트레이너가 별로 없네요.
559,559,650bafb47d81c17301201bf1,하쿠나마라탕,일반후기 남기기 하고싶은데 사진 업로드 권한이 뜨면서 올릴수없게 되어있네요 권한으로가면 사진 권한이 없습니다 그러면서 사진권한 허용하라는 오류로 등록할수없습니다
560,560,650bafb47d81c17301201bf2,멘열정,선생님들 정보가 자세하게 설명되있고 체험레슨도 있어서 좋네요
561,561,650bafb47d81c17301201bf3,Google 사용자,피티 알아보려면 일일이 검색해보고 찾아보고 해야하는데 이런 어플이있다니 개이득 ㅜㅜ 개발자님 감사해여 돈길만 걸으세요 👍🏻
562,562,650bafb47d81c17301201bf4,하늘누리,피티가격이 다 나와있다니… 헬스 혁신입니다..!! 파이팅!!
563,563,650bafb47d81c17301201bf5,서함,헬스장 정보도 알수있는것처럼 광고하지마세요 괜히깔았네 진짜; 사기앱
564,564,650bafb47d81c17301201bf6,하울,홈트앱인줄 알고 설치했는데 피티알아보는거네요. 다음에 다시 써볼게요
565,565,650bafb47d81c17301201bf7,좀깡.,인터페이스가 깔끔해서 보기좋아요 감사합니다
566,566,650bafb47d81c17301201bf8,오병옥,이제 막 검색후 1회 신청 해보았습니다 어디로 가야할지 많이 고민 했었는데.. 가깝고. 체험자들 리뷰 보고 결정 할 수 있었습니다. 좋네요
567,567,650bafb47d81c17301201bf9,키몽이,평택인데 여기 동네엔 트레이너가 없어요ㅜㅠㅜㅠ 평택역 쪽도 추가해주세요!!
568,568,650bafb47d81c17301201bfa,DH L,이 서비스에 가장 큰 문제점은 트레이너들의 후기 조작으로 전적으로 후기를 통한 pt 선택이 힘들다는 점이다
569,569,650bafb47d81c17301201bfb,Google 사용자,피트니스 센터 찾기좋아요~~~
570,570,650bafb47d81c17301201bfc,내가퀸카,운닥덕분에 좋은 트레이너 만났어요! 피티유목민들 많쥬? 운닥어플로 정착하세요!!말해뭐해~~~운닥 쌍따봉!!
571,571,650bafb47d81c17301201bfd,김연지,별로 지역이 다양하지 못함
572,572,650bafb47d81c17301201bfe,Google 사용자,가격이 많으면 좋을거 같아요
573,573,650bafb47d81c17301201bff,hyss,가격이 안나와있는 곳이 너무 많아요
574,574,650bafb47d81c17301201c00,치치,검색결과가 없음... pt쌤들이 이 앱을 모르시나봅니다..
575,575,650bafb47d81c17301201c01,몽다,광주광역시 쌤이 1명있네요.. 지방엔 그냥 없다고 생각하시면 편할듯..? 나중에 어플이 더 홍보되면 그때하나둘씩 생기겠죠ㅎㅎ 지금은 거의 없다시피하니.. 나중에 더 발전하면 어플 다시 깔아볼께요 ㅋㅋㅋ지금은 삭제..
576,576,650bafb47d81c17301201c02,Google 사용자,서울에 직장구하고 어디서 운동해야되나 고민많았는데 시선비교있어서좋네
577,577,650bafb47d81c17301201c03,왕민수,pt가 의외로 싼곳들이 많이 있네요 이런줄 알았으면 진작 pt받았을텐데
578,578,650bafb47d81c17301201c04,Google 사용자,사용 전인데 유튜버 파토코치님이 너무 신뢰가고 감사해서 일단 닥 운닥 깔았음요!!
579,579,650bafb47d81c17301201c05,Google 사용자,비싼돈 내고 피티받는데 사실 쌤들이 못미더울때가 있었는데 이런걸로 구하면 그런불만 확줄것같네여
580,580,650bafb47d81c17301201c06,뱁새,앱에 pt가 싼편인것 같아요 가격부담도 덜고 좋습니다
581,581,650bafb47d81c17301201c07,Ho You,정보가 투명하게 공개되어 좋아요
582,582,650bafb47d81c17301201c08,한나나,PT 쌤 잘 찾아서 운동 시작하게 됐어요~ㅎㅎ
583,583,650bafb47d81c17301201c09,김형석,PT샵 가서 상담받기 부담스럽고 했는데 어플을 통해서 하니까 훨씬더 편한것 같네요~ 다들 써보세요~
584,584,650bafb47d81c17301201c0a,이수찬,여기서 1:1 pt 알아보고 시작했는데 짱좋아여. 전에 그룹피티 할땐 운동도 제대로 안됐는데 선생님도 잘알려주고 굿이에요
585,585,650bafb47d81c17301201c0b,Google 사용자,이런 어플이 생겨서 헬찐이 운찐이는 행복합니다
586,586,650bafb47d81c17301201c0c,싱글,유튭보다광고보고왔네요 광고에파토코치나와서개당황
587,587,650bafb47d81c17301201c0d,황재성 (가온누리),"재택근무에 홈트만 하다보니 의욕 안생겨서 PT찾다가 써보게되었는데 좋네요. 자기소개나 경력, 수업방식 써두신거 보면 자기일에 대한 자부심과 전문성이 보여서 믿음이 갑니다. 1회체험 해봤는데 진짜 빡시게운동시켜주고 이벤트라고 시리얼도 보내주네요 굿굿"
588,588,650bafb47d81c17301201c0e,Google 사용자,지금까지이런 운동코치 어플은없었다
589,589,650bafb47d81c17301201c0f,Google 사용자,어플열면 어플이 흰색만보이고 안됨 ㅡ.ㅡ
590,590,650bafb47d81c17301201c10,Google 사용자,유용하게 쓸 것 같아요. 넘 좋아요~~
591,591,650bafb47d81c17301201c11,려니,원주는 아무곳도 등록되어잇지않음...
592,592,650bafb47d81c17301201c12,Google 사용자,앱 되게 간결해서 쓰기좋네요!!
593,593,650bafb47d81c17301201c13,Google 사용자,코치님들이 더 많았으면 좋겠네요
594,594,650bafb47d81c17301201c14,빠숑,이벤트 참여 했어요! 피티 10회 당첨되길!! 아니면 스벅 쿠폰이라도~~~
595,595,650bafb47d81c17301201c15,Google 사용자,보기깔끔하네요 트레이너많아지길 기대해볼게요 궁금해여
596,596,650bafb47d81c17301201c16,Google 사용자,너무 유용하게 잘 쓰고 있어요!
597,597,650bafb47d81c17301201c17,Google 사용자,주변 헬스장이 이렇게나 많은지 몰랐어요!
598,598,650bafb47d81c17301201c18,이슬톡톡,헬스나 피티 찾기 편해요
599,599,650bafb47d81c17301201c19,Google 사용자,집주변에 헬스장있는거 첨알았어요. PT는 지원 안되는듯?
600,600,650bafb47d81c17301201c1a,포카포카,이제 이런 앱이 대세가 될것 같습니다~~ 추천 별 다섯개입니다~~~
601,601,650bafb47d81c17301201c1b,덩그리,식단관리같은것도 앱에서 챙겨주면 별 열다섯개!!
602,602,650bafb47d81c17301201c1c,Google 사용자,저기 경남에 거주하고 있는데ㅡ검색하니 아무도 없네요 아직 시작이라 입소문 안타서 그런거죠?
603,603,650bafb47d81c17301201c1d,Google 사용자,아주 좋아요 유용한 앱입니다
604,604,650bafb47d81c17301201c1e,싸와디캅,오 부산인데 여기도 트레이너 많아요
605,605,650bafb47d81c17301201c1f,김광범,너무 좋아요 좋은 선생님을 만났습니다 강추
606,606,650bafb47d81c17301201c20,Google 사용자,정말 유용한 앱 같아요^^
607,607,650bafb47d81c17301201c21,Google 사용자,경남인데 단 한명도 없음. 역시 서울공화국..
608,608,650bafb47d81c17301201c22,Google 사용자,편하고 좋네요
609,609,650bafb47d81c17301201c23,동동다리,궁금한게 있는데 트레이너 분들은 앱에 본인pr올리는거에 비용 지불 하시나요?
610,610,650bafb47d81c17301201c24,Google 사용자,PT 트레이너 알아보고 있었는데 딱! 좋아요
611,611,650bafb47d81c17301201c25,Google 사용자,헬스 10년 했는데 이런게 왜 이제야 나왔나 싶다
612,612,650bafb47d81c17301201c26,박기철,다이어트 필요한 친구한테 추천했습니다
613,613,650bafb47d81c17301201c27,Google 사용자,너무 조아요👊 확실합니다
614,614,650bafb47d81c17301201c28,Google 사용자,찾던 앱이에요. 쿠폰많이 뿌려주세요~^^
615,615,650bafb47d81c17301201c29,삶은계란,청담동 헬스장 좀더 추가해주세요 다음달 피티 시작하려규여
616,616,650bafb47d81c17301201c2a,Google 사용자,더 많은 홍보 부탁해요
617,617,650bafb47d81c17301201c2b,Google 사용자,트레이너아직업뎃안된건가요??해주세요
618,618,650bafb47d81c17301201c2c,창경,앱 정말 깔끔하고 참 좋아요~
619,619,650bafb47d81c17301201c2d,Google 사용자,아주 만족!! 굿굿
620,620,650bafb47d81c17301201c2e,Google 사용자,찾기 편해서 좋습니다
621,621,650bafb47d81c17301201c2f,[Kor Bane] 베인,PT 필요없어 헬스장 정보 어디갔어
622,622,650bafb47d81c17301201c30,박기철,홈트하다가 피티 받아보니까 신세계에요ㅎㅎㅎ
623,623,650bafb47d81c17301201c31,Google 사용자,헬스클럽 다있는데 울집앞만없너ᆢ 세종휘트니스? 여기도좀 올려주세요
624,624,650bafb47d81c17301201c32,빠세빠세,미리 다 확인할 수 있어서 믿을 수 있는 어플
625,625,650bafb47d81c17301201c33,Google 사용자,지방은 그다지 쓸일없을듯
626,626,650bafb47d81c17301201c34,Google 사용자,좋은 어플 감사합니다.
627,627,650bafb47d81c17301201c35,짱치,굿굿. 헬스인에게 유용함.
628,628,650bafb47d81c17301201c36,Google 사용자,헬스찾기딱좋네
629,629,650bafb47d81c17301201c37,노블,설기관 선수님도 있다니... 대단합니다
630,630,650bafb47d81c17301201c38,998877,지방 사람들은 웬만하면 다운받지마세요..^^ 나오는 선생님 1명뿐인거 실화...?
631,631,650bafb47d81c17301201c39,건틀릿,필라테스도 추가해주세요!!!ㅎㅎㅎㅎ
632,632,650bafb47d81c17301201c3a,이준,원조 주작 헬스유튜버가 콜라보 광고하는거 보고 삭제합니다. 자격논란으로 유튜브 퇴출된 사람이 제대로 된 코치 찾는 어플 추천? 참고로 광고 유튜브에서 오늘 봄
633,633,650bafb47d81c17301201c3b,Google 사용자,앱이용하기편하네요
634,634,650bafb47d81c17301201c3c,Google 사용자,사내벤처 화이팅
635,635,650bafb47d81c17301201c3d,신재민,대통령 훈장 받은 관장님도 계시다 ㅎㄷㄷ 그런분께 피티 받고싶은데 쪼끔 비쌈T.T
636,636,650bafb47d81c17301201c3e,유장군,여기서 결제까지는 안되나요?
637,637,650bafb47d81c17301201c3f,R-쪽쪽,좋은거같아요
638,638,650bafb47d81c17301201c40,냄비,창원시는 암것두 없나요.?허허
639,639,650bafb47d81c17301201c41,Google 사용자,파토코치님 믿고 한번 깔아봅니다
640,640,650bafb47d81c17301201c42,Google 사용자,살 쭉쭉 뺄 수 있겠어요
641,641,650bafb47d81c17301201c43,Google 사용자,파토코치보고왔습니다
642,642,650bafb47d81c17301201c44,또르르,이런게 있었다니..
643,643,650bafb47d81c17301201c45,Google 사용자,지방은 안나오네요
644,644,650bafb47d81c17301201c46,Google 사용자,오 유용해요!!!
645,645,650bafb47d81c17301201c47,김대찬 (패닉이),원주는 전멸이네..
646,646,650bafb47d81c17301201c48,Google 사용자,기대되네요
647,647,650bafb47d81c17301201c49,이한석,좋아요
648,648,650bafb47d81c17301201c4a,홍부반장,좋습니다.
649,649,650bafb47d81c17301201c4b,이찬,정보굳굳
650,650,650bafb47d81c17301201c4c,김기욱,좋음
651,651,650bafb47d81c17301201c4d,자유인생,쓰레기
652,652,650bafb47d81c17301201c4e,폴리폴리정폴리 (정폴리),생생후기 굿뜨
653,653,650bafb47d81c17301201c4f,김재곤,대만족!!
654,654,650bafb47d81c17301201c50,김윙크윙카,없음
655,655,650bafb47d81c17301201c51,윤정,좋아요
656,656,650bafb47d81c17301201c52,손다빈,좋아요~
657,657,650bafb47d81c17301201c53,안나,굳
658,658,650bafb47d81c17301201c54,이준희,좋아용
659,659,650bafb47d81c17301201c55,Google 사용자,굳!
660,660,650bafb47d81c17301201c56,Google 사용자,굳
661,661,650bafb47d81c17301201c57,Google 사용자,좋아요
662,662,650bafb47d81c17301201c58,이리라,굿굿굿
663,663,650bafb47d81c17301201c59,이대희,진짜 굿
664,664,650bafb47d81c17301201c5a,정영태,좋습니다ㅎㅎㅎ
665,665,650bafb47d81c17301201c5b,팤도,에혀
666,666,650bc100f544fae38f25976c,로아,"어플 사용 도중 계속 무한로딩, 뒤로가기도 안됨. 강종했다가 들어오면 첫화면에서 멈춰서 안 넘어감. 중요한 예약인데 다 팅겼네요ㅋㅋㅋㅋ 언제 멈출지 모르는 스트레스가 너무 심함. 여러 기기에서 뭐는 되고 뭐는 안 되고 그마저도 뭐가 언제 될지 모름. 예약하나하려고 기기 세 대 갖다놓고 번갈아가면서 해야되나?"
667,667,650bc100f544fae38f25976d,Lena Lim,"운동가 어플을 잘 사용하고 있는 회원입니다. 다만, 운동가 어플의 권한 중에서 카메라 권한이 꼭 필요한지 문의 드립니다. 제가 종사하는 직종의 보안 규정 상 스마트폰의 카메라 권한이 필요한 어플은 사내에서 절대 실행되지가 않아서 매우 불편합니다.. 회원 입장에서 운동가 어플을 사용할 땐 카메라 권한이 전혀 필요가 없는데요,, 카메라 권한을 필수가 아니게 설정할수는 없을까요????"
668,668,650bc100f544fae38f25976e,이성지,지인소개로 사용하고있는데 생각보다 편하고 좋아용.! 무료어플이라 기능이 딸리거나 오류가 많을줄 알았는데 오히려 다른 예약앱보다 오류도 없고 버퍼링도 없네용^^ 감사합니다 잘쓸게용!
669,669,650bc100f544fae38f25976f,김은이,지금 계속 점검중으로 뜨고 앱이 안열리네요.복구조치 빠르게 부탁해요.활동시간에 오류 나니 매우 불편하네요.
670,670,650bc100f544fae38f259770,dh kim,각 메뉴들 들어가는 과정이나 페이지가 더 간략 해져도 좋을거 같아요. 운동 시작전 알림설정 추가 기능 있으면 좋겠어요
671,671,650bc100f544fae38f259771,Google 사용자,저희는 매주말 마다 마스터가 예약창을 여는데요.. 예약하기가 넘 치열해서 토욜아침일찍부터 수시로 어플확인을하게됩니다. 마스터가 예약창을 열게되면 알람이 왔으면 좋겠어요.. 주말인데 수시로 확인해야되고 넘 불편하네요ㅠ
672,672,650bc100f544fae38f259772,옹뇽뇽,"잘 사용하고 있었는데 요즘 중요한 순간에 자꾸 튕겨요. 지난번은 예약버튼을 누르니까 이전 화면으로 돌아가버리더니, 이번은 예약버튼을 누르니 갑자기 로그인 화면으로 돌아가버리네요?? 안정성 개선좀 해주세요"
673,673,650bc100f544fae38f259773,Eunji Oh,"잘 쓰고 있습니다. 앱을 처음켤 때 카메라 권한이 필수로 나오던데, 앱 내에서 카메라가 필요한 기능을 쓸때만 권한을 쓰게는 안될까요? 회사보안 때문에 휴대폰 카메라가 차단돼서 사무실에서는 앱을 아예 켤수가 없네요ㅠ"
674,674,650bc100f544fae38f259774,이화신,이 어플로 운동잡으니까 너무너무 편하네요 인터페이스도 편리하고 운동하면서 필요한 것들을 잘 모아놓은듯 앞으로도 잘 쓸게여♥
675,675,650bc100f544fae38f259775,ᴍᴏᴏɴʟɪɢʜᴛ ᴄʜɪᴀʀᴀ,무한로딩 너무 심해요. 3번 들어가면 1번은 무한로딩때문에 들어갔다 나왔다 반복하다 예약 포기하고 몇시간 후 다시 들어가서 겨우 해내요..
676,676,650bc100f544fae38f259776,Google 사용자,어플 좋습니다. 운동 예약하는데 너무 편하고 좋네요. 그리고 실수로 로그인 안되어서 문의한 것도 빠르게 답주시고 바로 해결해주시네요 :-)
677,677,650bc100f544fae38f259777,김도현,다른 건 다 괜찮아졌는데 앱 실행이 제대로 안되네요. 매번 최소 5번씩은 시도하는 것 같습니다. 흰 화면에서 멈춰서 안 넘어가요
678,678,650bc100f544fae38f259778,js s,운동가 사용1년차 센터입니당~ 우선 오류없고 렉없어서 좋구요. 제가 필요로 하는기능들은 다 있어서 무료로 잘 쓰고있습니다 업데이트도 잘 해주시고 넘 감사해용. 유료로 바뀌는건 아니죠?^^
679,679,650bc100f544fae38f259779,말리는폴댄서,다 좋아용 편리하고 늘 고민하시는거 같아 화이팅입니다! ♡♡ 그런데 시간표 한달에 다 펼쳐볼수있는 기능 다시 살려주심 안될까요?^^;;; 업데이트하면서 그게 사라져서 슬프네용🤣
680,680,650bc100f544fae38f25977a,홍세림,회사 모바일 보안프로그램때문에 회사내에서는 카메라 실행이 안됩니다. 카메라 실행이 안되면 앱자체가 실행이 안되네요... 따라서 회사내에서는 아예 어플사용 불가능하여 해당부분 빠른 개선부탁드립니다.
681,681,650bc100f544fae38f25977b,호리야 horiya,학원에서 이어플로 써야한다고 깔려고하는데...오버안하고1루종일 설치한다고 빙빙돌기만하고 설치가안돼네요. 지금이틀째입니다 제폰의 용량이문제인것도아닌데(현재기준51기가 여유있음).... 지금 폰껐다가 켜도 계속 돌아가고있는 상태인데요. ㅎㅎㅎ 이거 왜이러죠
682,682,650bc100f544fae38f25977c,윤득화 (유지tv),잘 사용하고 있어요. 첨언하자면 운동예약 일정이 푸쉬알람 되거나 위젯으로 일정 확인이 되면 좋겠어요. 예약한걸 자꾸 까먹어요.
683,683,650bc100f544fae38f25977d,박서진,잘사용하고 있습니다~^^ 마스터는 한곳만 만들수있나요? 업장이 두곳이여서 한곳더 만들수 있으면 더 조을것같아요^^ 감사하게 잘 사용하고있습니다~
684,684,650bc100f544fae38f25977e,이ym,"폰 렉인가 싶었는데 3일동안 어플이 안들어가져요 데이터 켜져잇고 다른 앱 정상 구동중인데 운동가 들어가면 네트워크 연결 안된다고 안들어가져요 3일동안,, 오늘도 안되규,,,, 어떻게 합니까?"
685,685,650bc100f544fae38f25977f,Chaeyeong Kim,잘 작동하다가.. 갑자기 화면에 하양색만 뜨고 아무것도 안되면서 예약을 볼수도 할수도 없습니다.. 고쳐주세요...
686,686,650bc100f544fae38f259780,Google 사용자,편리하고 좋지만 수업취소 변경 시간을 대부분센터나 강사들은 하루전 저녁 9시마감 이런식으로 정하거든요 가능하다면 몇시간전 취소시 이용권 차감대신 마감시간을 정할수있음해요
687,687,650bc100f544fae38f259781,Google 사용자,최근에 헬스를 시작했는데 트레이너분 추천으로 깔았습니다~ 확실히 매번 전화로 예약 하는 것보다 간편하네요ㅎㅎ 잘 쓰고 있어요
688,688,650bc100f544fae38f259782,SJ J,학원 공지가 있을시 공지를 클릭해도 창이 안열립니다. 매우 불편해요. 수정 부탁드립니다.
689,689,650bc100f544fae38f259783,함주희,프로필 전화번호 수정시 엄청난 오류가 생김- 숫자가 뒤에 마구마구 늘어나며 따라붙는 이상한 현상이요. 결국 전번수정불가
690,690,650bc100f544fae38f259784,고라니,수강신청을 했는데 전날 11시까지밖에 취소를 못하는건 너무함ㅡㅡ12시로 늘려주거나 당일오전으로 바꿨으면 함 앱 사용에 다른 불편함은 없음
691,691,650bc100f544fae38f259785,김나희,수업 폐강 알림이 계속 안 보여서 헛갈음하게 만드네요..
692,692,650bc100f544fae38f259786,오마이쭈TV,모든게 마음에 드는데 레슨 10분 단위가 없어서 저희 센터는 사용할 수 없.. 혹시 10분 단위는 가능하게 될 일이 없을까요
693,693,650bc100f544fae38f259787,정혜선,잘 되다가 오늘 하루 종일 앱 자체에 들어가지지가 않네요ㅜㅜㅜㅜㅜ 클릭하면 자동으로 앱이 닫혀 버려요
694,694,650bc100f544fae38f259788,유현영,계속 오류나고 튕기고 ㅠㅠ
695,695,650bc100f544fae38f259789,Google 사용자,편의성을 잘 지니고 있는 신세계 어플이네요 아주 훌륭합니다!!!자주 이용하겠습니다~
696,696,650bc100f544fae38f25978a,Hochang Lee,공짜로 잘 쓰고 있습니다. 기능도 점점 좋아지네요. 앞으로도 계속 신경써 주시면 감사하겠습니다
697,697,650bc100f544fae38f25978b,김은진,앱설치하자마자 카메라/파일 접근 승인하면 네트워크에 연결이 안된다는 팝업만 뜹니다.!!! 네트워크 문제없고 어플 새로설치한건데요 확인부탁드립니다
698,698,650bc100f544fae38f25978c,Google 사용자,안녕하세요 어플 감사합니다. 주간 보기가 당일이 포함된 주만 보이네요! 이전주나 다음주 보려고 넘기면 자꾸 이번주로 돌아와요피
699,699,650bc100f544fae38f25978d,Google 사용자,강사입장에서도 스케쥴관리 회원관리에 유용하고 이용자도 강사랑 일대일 대응이 되니까 정말 편할것같아요!
700,700,650bc100f544fae38f25978e,Genie,평소에 잘 쓰고 있었는데 갑자기 까만 화면만 뜨면서 넘어가질 않아요 ㅠㅠ 좀 고쳐주세요
701,701,650bc100f544fae38f25978f,라피,업데이트 이후 로그인이 안됩니다. 확인 좀 해주세요. 로그인 버튼이 활성화가 안되네요.
702,702,650bc100f544fae38f259790,소연,운동때문에 어쩔수없이 쓰고있긴한데 들어가는데만해도 한참이 걸립니다....
703,703,650bc100f544fae38f259791,김지은,어플이 안 켜져요 삭제했다 다시 켜도 안 켜집니다 ㅜ ㅜ
704,704,650bc100f544fae38f259792,정유리,"분명작동을 잘 했었는데 갑자기 아무것도 안떠요.(로그인도 못하게 걍 흰색바탕만 떠요) 삭제했다가 다시깔아도 휴대폰을 껐다켜도 아예 아무것도 안뜨네요ㅠ 오류 해결 부탁드려요ㅠ ----------------------------------------------------------------- 리뷰 추가,별점 수정 ☆☆->☆☆☆☆로 수정 다시작동하네요! 지금은 급한경우가 아니라 오류나도 상관이 없었지만 정말 당황스러웠어요. 평소에는 잘쓰고있는데..조금 걱정스럽네요! ----------------------------------------------------------------- 리뷰 추가,별점 수정 ☆☆☆☆->☆☆로 수정 또 작동을 안해요. 댓글보면 저만 그런게 아닌거 같은데 오류 점검이 시급한거같아요.. 왔다갔다 정말 당황스럽네요.."
705,705,650bc100f544fae38f259793,Google 사용자,유용합니다 굿. 혹시 전체 수강회원 유효기간을 조정할 수 있는 기능은 없나요? 전체 다 1주일 늘린다던지 등
706,706,650bc100f544fae38f259794,Google 사용자,매번 pt예약 전화로 취소하기 힘들었는데 좋네요 제 트레이너쌤한테 추천할게요
707,707,650bc100f544fae38f259795,샨잉,로그인 유지하기 되어있는데 갑자기 튕기더니 비번잊어버려서 임시비밀번호 메일로 보내기했는데 메일이 안와요
708,708,650bc100f544fae38f259796,서서서서서,렉이 너무심해서 쓸 수가없네요 제대로 켜지질않아요 개선좀하세요...
709,709,650bc100f544fae38f259797,이수연,데이터베이스 오류뜹니다.. 아예 접속이 안되요!!
710,710,650bc100f544fae38f259798,샤나김,한 번 오픈할 때 마다 에러 떠서 자시 켜야함...ㅡㅡ;;
711,711,650bc100f544fae38f259799,Google 사용자,회원관리 어플중 왠만한 유료보다 낫다고생각 됩니다 트레이너가 사용하기에 최고입니다
712,712,650bc100f544fae38f25979a,Erin LEE,가입하는데 버튼도 잘 안눌리고 너무 느려요.
713,713,650bc100f544fae38f25979b,안우신,아이디를 잊어버렸다가 찾았는데 잘못된 메일 주소라 비번을 찾아 수정할 수가 없네요~어찌 할 방법이 없나요?
714,714,650bc100f544fae38f25979c,국종훈,친절한 설명 감사합니다 무료로 잘 쓰겠습니다~!
715,715,650bc100f544fae38f25979d,Google 사용자,예약이 쉬워지네요 추천해요
716,716,650bc100f544fae38f25979e,유희진,렉이 너무걸려요
717,717,650bc100f544fae38f25979f,권나은,앱에서는 업데이트가 필요하다는데 눌러보면 제거.열기밖에 없네요 삭제하고 새로 깔아야하나요???
718,718,650bc100f544fae38f2597a0,Google 사용자,한눈에 쏙쏙 들어오고 스마트시대에 걸맞게 스마트하네요~^^
719,719,650bc100f544fae38f2597a1,용잉양,편한데 가끔 로딩이 무한대로 걸려서 아무것도 못함
720,720,650bc100f544fae38f2597a2,S점핑다이어트,홈페이지가 사용하기 어려운듯해서 별 하나뺐어오
721,721,650bc100f544fae38f2597a3,Google 사용자,주간보기하면 다음주부터 보입니다 이번주가 안보여요.. 버그인거같은데 수정해주세요!!
722,722,650bc100f544fae38f2597a4,yk KIM,로그인이 안되네요. 예약도 못하고.. 성격버리겠어요.
723,723,650bc100f544fae38f2597a5,Bruce Hulk Song,잘 쓰고 있습니다.
724,724,650bc100f544fae38f2597a6,Google 사용자,갑자기 어느날부터 로그인이 안됩니다. 아이디찾기로 핸드폰 번호 넣으면 가입한 이메일 나오는데 이메일 넣고 비밀번호 찾으면 없는 아이디라고 나오네요. 이메일 보내니 반송되는데 어디에 물어봐야 하나요 ???
725,725,650bc100f544fae38f2597a7,김민도,만들어주신 분 감사해요 유료 보다 좋습니다 ㅎ잘 쓰겠습니다~
726,726,650bc100f544fae38f2597a8,Google 사용자,고객센터에서일하시는분이...전화를참이쁘게받으시네요...이앱을이용하고싶지않을정도로.....
727,727,650bc100f544fae38f2597a9,정진희,업데이트후 예약시간 표시가 없어져서 불편해요 이전마냥 시간표시 같이나오게해주세요
728,728,650bc100f544fae38f2597aa,Sangwon Lee,수강내역 수정해야하는데 안열려요...
729,729,650bc100f544fae38f2597ab,Google 사용자,고정으로 레슨을 받는 인원이 있어서 강좌를 개설할때 원하는 인원을 예약하고 강좌를 개설할 수 있도록 해주시면 감사하겠습니다.
730,730,650bc100f544fae38f2597ac,Google 사용자,우연히 접했는데 정말 편하네요
731,731,650bc100f544fae38f2597ad,Google 사용자,센터 입장이나 고객의 잆장에서 만약 월수금 11시 홍길동 선생님수업을 1일부터 30일 까지 듣고싶다를 매번 예약 하지 않고 한번에 예약 할수 있는 방법은 없나요?
732,732,650bc100f544fae38f2597ae,KoreanTricker,잘쓰고 있는데 3.23일 오전 9시30분... 저만 어플실행 안되는건가요...??
733,733,650bc100f544fae38f2597af,장순희,수시로 로딩 안됨
734,734,650bc100f544fae38f2597b0,Ss Hh,갑자기 안들어가지고 눌리지도않고 어떡하라는건지..
735,735,650bc100f544fae38f2597b1,이환열,잘 쓰고있네요 ^^
736,736,650bc100f544fae38f2597b2,김지운,무료인점이 좋은것 같아요!
737,737,650bc100f544fae38f2597b3,성은정,먹통이네요 예약취소해야되는데ㅡㅡ^
738,738,650bc100f544fae38f2597b4,Google 사용자,최고입니다 진짜 간편해요!!
739,739,650bc100f544fae38f2597b5,송진영,사용하기 편리합니다~
740,740,650bc100f544fae38f2597b6,Tae Shik Jung (야바야바두),감사합니다 아주잘쓰고있습니다!
741,741,650bc100f544fae38f2597b7,박경희,혹시 30분수업도 가능한가요?
742,742,650bc100f544fae38f2597b8,홍석환,정말 편하고 좋아요
743,743,650bc100f544fae38f2597b9,Spiritainer Doeun,회원가입이 안되네요... 약관에 동의를 해도.... 안했대요....
744,744,650bc100f544fae38f2597ba,한석와,수강회원 신청 해제는 어떻게 하나요?
745,745,650bc100f544fae38f2597bb,Google 사용자,예약제 운동센타에선 조아요
746,746,650bc100f544fae38f2597bc,박홍자,진짜 편해요
747,747,650bc100f544fae38f2597bd,정연지,자꾸 어플이 종료됨
748,748,650bc100f544fae38f2597be,장진혁,호환성이 떨어짐
749,749,650bc100f544fae38f2597bf,이승재,다짐 카피캣
750,750,650bc100f544fae38f2597c0,NaHyeon Park,편리합니다
751,751,650bc100f544fae38f2597c1,STEVE J,베리구뜨~☆
752,752,650bc100f544fae38f2597c2,타라그래픽스,편해용
753,753,650bc100f544fae38f2597c3,한오이,렉걸러요
754,754,650bc100f544fae38f2597c4,Google 사용자,간편하네요
755,755,650bc100f544fae38f2597c5,Google 사용자,좋아요
756,756,650bc100f544fae38f2597c6,Google 사용자,좋아용~!
757,757,650bc100f544fae38f2597c7,Google 사용자,좋아용
758,758,650bc100f544fae38f2597c8,Say Cheese,너무느려요
759,759,650bc100f544fae38f2597c9,Google 사용자,아주좋아여
